:020000040800F2
:10000000A076002055020008DB4A0008473B0008A4
:10001000D94A0008C9130008DD9600080000000056
:100020000000000000000000000000009D0100082A
:10003000C91F000800000000F1010008016100086C
:100040006F0200086F0200086F0200086F020008CC
:100050006F0200086F0200086F0200086F020008BC
:100060006F0200086F0200086F0200086F020008AC
:100070006F0200086F0200086F0200086F0200089C
:100080006F0200086F0200086F0200086F0200088C
:10009000991500086F0200086F0200086F0200083F
:1000A0006F0200086F0200086F0200086F0200086C
:1000B000E5640008F5640008096500086F0200089F
:1000C0006F0200086F0200086F0200086F0200084C
:1000D0006F020008C970000809720008C1740008A6
:1000E0006F0200086F0200086F0200083165000807
:1000F000296A00086F020008456500086F020008C1
:100100006F0200086F0200081D6500086F020008FA
:100110006F020008D96F00086F0200086F02000824
:100120006F0200086F0200086F0200086F020008EB
:100130006F0200086F0200086F0200086F020008DB
:100140006F0200086F0200086F02000849510008A2
:100150006F0200086F0200086F0200086F020008BB
:100160006F0200086F0200086F0200086F020008AB
:100170006F0200086F0200086F0200086F0200089B
:100180006F0200086F020008DFF80CD000F046FC98
:1001900000480047A1CC0008A07600202A4B19682F
:1001A0000868B0E8F04F80F30988BFF36F8F4FF015
:1001B000000080F3118870470000000006480068C6
:1001C000006880F3088862B661B6BFF34F8FBFF353
:1001D0006F8F00DF00BF00BF08ED00E0DFF80C000C
:1001E000016841F470010160704700BF88ED00E0D4
:1001F000EFF30980BFF36F8F134B1A681EF0100FD7
:1002000008BF20ED108A20E9F04F106008B44FF0CD
:10021000500080F31188BFF34F8FBFF36F8F0FF043
:10022000DFFE4FF0000080F3118808BC19680868F1
:10023000B0E8F04F1EF0100F08BFB0EC108A80F34A
:100240000988BFF36F8F704788010020EFF30580A6
:10025000704700000648804706480047FEE7FEE773
:10026000FEE7FEE7FEE7FEE7FEE7FEE7FEE7FEE766
:10027000156100088901000840EA01039B0703D0CB
:1002800009E008C9121F08C0042AFAD203E011F8D5
:10029000013B00F8013B521EF9D27047D2B201E097
:1002A00000F8012B491EFBD270470022F6E710B57B
:1002B00013460A4604461946FFF7F0FF204610BDD4
:1002C000421C10F8011B0029FBD1801A704710B5A1
:1002D000002200E0521C835C8C5CA34201D1002B05
:1002E000F8D1D8B2E1B2401A10BD2DE9FE4F8046D8
:1002F00081EA0300C00F0C46009021F0004123F07A
:100300000045B8EB0200A94105D24046214690467F
:100310001C460B46024623F00040104347D0270DF1
:10032000C7F30A00C3F30A510290401A0190402813
:100330006BDAC3F3130040F4801B0098924620B19F
:100340000023D2EB030A63EB0B0B01985946C0F173
:100350004002504600F004FA06460D465046594603
:10036000019A00F01CFA10EB08006141002487EAB2
:10037000115284EAE7731A4340D0009A62B3019A9B
:10038000012A4FEA075215DC001B61EB02014FF016
:10039000004202EA0752CDE90042001C41F58011FB
:1003A00032462B4600F053FA03B0BDE8F08F4046CA
:1003B0002146F9E7001B61EB0201001C41F58013A7
:1003C00000185B412018A2F5001747EB030140EA33
:1003D000D570B6196D4111E06D084FEA360645EA51
:1003E000C0754FEA0752001B61EB0201001C41F58A
:1003F000801149084FEA30000019514132462B461E
:1004000003B0BDE8F04F00F013BA0098012240009D
:100410000023D0EB020263EBE073009821464FEA21
:10042000E074B8EB000061EB0401E9E783F00043FE
:100430005BE781F0004158E72DE9FE4F81EA0304B4
:1004400004F0004421F0004100944FF0000B23F031
:10045000004350EA01045ED052EA03045BD0C3F3C8
:100460000A54C1F30A552C44A4F2F3340194A0FBBE
:100470000254C1F3130141F48011C3F3130343F495
:10048000801301FB024400FB034E840A970A44EAEE
:10049000815447EA8357A4FB076802958D0A05FB40
:1004A00007854FEA932C04FB0C542705029D4FEA65
:1004B000065847EA1637B5EB08056EEB070C870EB2
:1004C000920E47EA811742EA8312A7FB0201B6EBBC
:1004D0000B0164EB00042B0D43EA0C335E1844EB74
:1004E0001C50DA465146E7FB0201C5F313044FEAFC
:1004F0000B3343EA14534FEA0432019C43EA0603E8
:10050000A4F10C040294009CCDE900B400F09FF922
:1005100003B0BDE8F08F00200146F9E72DE9F04D6A
:1005200081EA030404F0004B21F0004514464FF02B
:10053000000A23F0004150EA050220D054EA0102EB
:100540001DD0C5F30A570246C5F31303C1F31300C8
:10055000C1F30A5640F4801543F48013A7EB060854
:10056000101BD64608F2FD3873EB050002D308F1E4
:10057000010801E092185B41B8F1000F03DA002096
:100580000146BDE8F08D00204FF4801106468446F8
:100590000EE0171B73EB050705D3121B63EB050376
:1005A00006434CEA010C49084FEA300092185B41BF
:1005B00050EA0107EDD152EA030012D082EA0400AA
:1005C00083EA0501084305D0101BAB4106D2012286
:1005D000002306E000224FF0004302E06FF001022A
:1005E00053101AEB06004CEB085110EB0A0041EBDC
:1005F0000B01BDE8F04D00F01BB90EB5C10F80EA4C
:10060000E0700844CA07002140F233438DE80E0031
:100610000A460B4600F01BF903B000BD0EB540F2D0
:10062000334102910021CDE900110A460B4600F04A
:100630000EF903B000BD70B5C1F30A5201F00045D8
:100640000024C1F3130140F2FF3341F480119A42B8
:1006500001DA002070BD40F233439A42A2F23342E5
:1006600003DC524200F08BF800E090402C43F1D0C4
:10067000404270BD00F0004230F000400AD0C10D91
:1006800001F56071C0F3160042EA0151C20840074B
:100690001143704700200146704701F0004330B419
:1006A00021F0004150EA010206D00A0DA2F5607265
:1006B000C1F31301002A02DC30BC00207047440F54
:1006C00044EAC104C100E01830BC00EBC25000F0A5
:1006D00078B830B50B46014600202022012409E0FD
:1006E00021FA02F59D4205D303FA02F5491B04FAEB
:1006F00002F52844151EA2F10102F1DC30BD2DE9FE
:10070000F05F0546002092469B4688460646814695
:1007100040241BE0284641464746224600F02FF879
:1007200053465A46C01A914110D3114618462246E4
:1007300000F016F82D1A67EB01084F4622460120FB
:10074000002100F00DF817EB00094E41201EA4F126
:100750000104DFDC484631462A464346BDE8F09FA7
:10076000202A04DB203A00FA02F100207047914071
:10077000C2F1200320FA03F3194390407047202A66
:1007800004DB203A21FA02F00021704721FA02F33B
:10079000D040C2F120029140084319467047202AF8
:1007A00006DBCB17203A41FA02F043EAE07306E099
:1007B00041FA02F3D040C2F12002914008431946A9
:1007C00070470029A8BF7047401C490008BF20F0AF
:1007D0000100704710B4B0FA80FC00FA0CF050EA47
:1007E000010404BF10BC704749B1CCF1200421FAC8
:1007F00004F411FA0CF118BF012121430843A3EBC3
:100800000C01CB1D4FEA00614FEA102042BF0020CF
:1008100010BC704700EBC35010440029A4BF10BCAB
:100820007047401C490008BF20F0010010BC704711
:1008300010B5141E73F1000408DA401C41F10001E8
:1008400092185B411A4301D120F0010010BD2DE93F
:10085000F04D92469B4611B1B1FA81F202E0B0FA36
:1008600080F220329046FFF77BFF04460F4640EAB5
:100870000A0041EA0B0153465A46084313D0114679
:1008800053EA010019D0C8F140025046FFF777FF44
:1008900005460E46504659464246FFF761FF08435B
:1008A00005D0012004E020463946BDE8F08D002047
:1008B000054346EAE0762C4337430A986305E40A89
:1008C000A0EB08000022FD0A44EA47540A3002D592
:1008D00000200146E9E7010510196941DDE90845F5
:1008E00000196941BDE8F04DA2E770B521F0004361
:1008F00003430CD0C1F30A550024D5EB040564EB87
:100900000403D617AD1AB34102DB0020014670BDC7
:10091000201841EB025170BD2DE9F04D00231A461D
:100920001B1A8A4103DB00200146BDE8F08DC1F3AC
:100930000A52C1F3130141F480154FF0000BD107A7
:1009400002D100186D41521E0027044640F2FF11EB
:10095000384601EB620A3E468046024600204FF4CC
:100960008011FFF70CFFC2197141BB1846EB010063
:10097000B4EB030C75EB000C04D3E41A65EB000533
:1009800017460E46241908F101006D4180463428AF
:10099000E3DDF91946EB0600091BA84103D24FF02D
:1009A000FF32134601E0002213461BEB070046EB23
:1009B0000A51BDE8F04DFFF73BBFC1F30A52C1F346
:1009C000130140F2FF3341F480119A4202DA002011
:1009D0000146704740F233439A42A2F2334202DCAE
:1009E0005242FFF7CCBEFFF7BBBE000030B5041E7D
:1009F00071F1000404DB4FF00044404264EB01015C
:100A0000141E73F1000405DB1C464FF000435242F4
:100A100063EB0403994208BF904230BD064C074D7A
:100A200006E0E06840F0010394E8070098471034BE
:100A3000AC42F6D3FFF7ACFB402C0108602C010858
:100A400070B58C1810F8015B15F0070301D110F890
:100A5000013B2A1106D110F8012B03E010F8016BBD
:100A600001F8016B5B1EF9D12B0705D40023521E40
:100A70000DD401F8013BFAE710F8013BCB1A921CA8
:100A800003E013F8015B01F8015B521EF9D5A142A6
:100A9000D8D3002070BD0029816802D041F0010147
:100AA00001E021F00101816070470000084B10B5A2
:100AB000D3F8042307490A40D0E900142143D0E9C0
:100AC0000240044321431143C3F8041310BD000046
:100AD00000200140E030FCFFC06C80B2704702464D
:100AE000002012680A4200D00120704730B54268E9
:100AF0000F4B0C791A400B6842EA042213434360FF
:100B000082680C4B4D791A40D1E9034323438C682A
:100B100044EA4504234313438360C26A097D22F4F7
:100B20007002491EC9B242EA0151C16230BD0000E3
:100B3000FFFEFFFCFDF7FFC070B5072609290AD9A3
:100B4000C568A1F10A0404EB4404A640B543A340E0
:100B50001D43C56007E0056901EB4104A640B543AC
:100B6000A3401D4305611F23072A09D2446B521E6F
:100B700002EB820293409C4391400C43446370BD5E
:100B80000D2A09D2046BD21F02EB820293409C43D0
:100B900091400C43046370BDC46A0D3A02EB8202BB
:100BA00093409C4391400C43C46270BD816841F006
:100BB0008041816070470000F8B53A4890ED000A26
:100BC0000FF04CFA03463848DFED380A90ED000A82
:100BD00020EE200ABDEEC00A10EE101A002900DA3D
:100BE0004942334890ED000A20EE200ABDEEC00ACB
:100BF00010EE102A002A00DA52422E48C47814B3AC
:100C000000262D4CC6700025207801281DD02B4CC5
:100C1000C6B3B4F91C30B4F91A20B4F9181028A0DE
:100C200009F0F6F92A4C207800283AD029480078B3
:100C300048B32948C178009183784278017827A089
:100C400009F0E6F92CE00126DBE72948006800906E
:100C5000284890ED000A2848BDEEC00A10EE103A70
:100C600090ED000A2548BDEEC00A10EE102A90ED66
:100C7000000A23A0BDEEC00A10EE101A09F0C8F950
:100C80002570CFE700E008E0B4F91C000090D2B274
:100C9000C9B21FA009F0BCF9C4E721A009F0B8F956
:100CA0002570F8BD18000020E45C00200000C84258
:100CB000F85C0020A00200204D020020F85E002019
:100CC0007B4225643A25643A25647D2400000000B7
:100CD000C1000020C0000020D80000207B23495024
:100CE0003A25642E25642E25642E25647D2400007B
:100CF00064020020080200200402002000020020FC
:100D00007B4325643A25643A25643A25647D2400B2
:100D10007B4125643A25643A25643A25647D2400A4
:100D20007B2349503A756E6B6E6F772E2E7D2400B3
:100D30002DE9F0413B4E0025044696F806C024A359
:100D40002FA2BCF1000F0BD0304600274079411C88
:100D5000C9B2BCF1010F16D0BCF1020F34D125E0AD
:100D600030480221432C007902D0442C05D02BE0DE
:100D70002B2829D10120B07102E02B2824D1B17198
:100D80000125717120E01A5CA24209D00D381028AB
:100D900008D8A4F13000092802D93138192801D81F
:100DA000012500E0B7717171184607E0105CA042A0
:100DB00001D1012500E0B77171711046FFF780FA8B
:100DC0007179884200D1B77134712846BDE8F0814D
:100DD0002B434F4E4E454354494E473C3C58583A9E
:100DE00058583A58583A58583A58583A58580D0A94
:100DF0002B434F4E4E45435445440D0A000000001E
:100E00002B444953433A535543434553530D0A2BFF
:100E100052454144590D0A2B5041495241424C45DB
:100E20000D0A0000C00000202DE9F041494E0025C8
:100E3000044696F809E036A33DA241A1BEF1000F99
:100E400010D03046002790F808C0BEF1010F0CF119
:100E50000100C0B225D0BEF1020F38D0BEF1030FA1
:100E600052D141E03B480221432CC07906D04F2C9F
:100E70000CD0442C0ED0432C02D045E02B2803D0BC
:100E8000432841D001253FE0012006E043283BD123
:100E9000717203E02B2837D1032070720125317263
:100EA00032E013F80C10A1420BD0ACF10D0CBCF1E8
:100EB000100F08D8A4F13001092902D911391929D4
:100EC00001D8012500E077723072184608E012F868
:100ED0000C10A14201D1012500E07772307210465A
:100EE000FFF7EEF9317A0CE011F80C20A24201D1A3
:100EF000012500E0777230720846FFF7E1F9317A98
:100F0000401C884200D17772F4712846BDE8F08118
:100F10002B434F4E4E454354494E473C3C58583A5C
:100F200058583A58583A58583A58583A58580D0A52
:100F3000434F4E4E45435445440D0D0A00000000FA
:100F40002B444953433A535543434553530D0D0ADC
:100F500000000000C000002030B58DB0012102204B
:100F600004F068FC01210D02284604F087FC0320F0
:100F700002218DF82C000A9100248DF82F400AA937
:100F8000134801F03DFD0121284604F083FC0021B7
:100F9000284604F07FFC069468020994CDE9070412
:100FA00006A8FFF783FD8DF8044000948DF80540F6
:100FB000029404940120074C8DF8140069462046E1
:100FC000FFF794FD01212046FFF765FD0DB030BD10
:100FD000000402400020014070B58CB001210220C5
:100FE00004F028FC01214E02304604F047FC0320A7
:100FF0008DF82C00012500240A958DF82F400AA9B0
:10100000134801F0FDFC0121304604F043FC0021AF
:10101000304604F03FFC069468040994CDE90704C7
:1010200006A8FFF743FD8DF8044000948DF80540B5
:1010300002940494074C8DF8145069462046FFF73B
:1010400055FD01212046FFF726FD0CB070BD0000C4
:1010500000040240002101402DED028B82B00BF014
:10106000FBFBDFF8DC92DFF8DCA2DFF8DCB29FEDFF
:10107000B78A002401900A2101A80EF0DFFDB44DCB
:1010800040F6B8316868884201DA401C686001F0B7
:1010900065FE03F037FB68684FF47A77B84206DBE9
:1010A000AC48417919B9AC490C6001214171AB4E92
:1010B0003078012805D199F8000010B9347001F09A
:1010C00015FC6868B84217DB3078A8B9A4480078E6
:1010D000022811D0A348007870B9A348007858B905
:1010E000A248007840B9A248007828B9A148007801
:1010F00010B9A148007810B1002515B103E0012511
:10110000FBE702F053FD3078012805D095480078C0
:1011100078B301F03BFD5EE099F80000012812D1A0
:1011200096490878401CC0B2087064280BD9652025
:10113000087093483470047092488AED008A80EDFC
:10114000008A8BED008A904D287801288C48007821
:1011500010D040B12C709BED001AF0EE480A9AEDC9
:10116000000A00F033FF86492878097808430CD03C
:1011700031E011E00028EDD18448F0EE480A90ED0E
:10118000001A834890ED000AEBE7B0EE480AB0EE93
:10119000401AF0EE400A1CE07348007810B104F0E9
:1011A00001FC18E07148007810B104F0F3F912E086
:1011B000784890ED001A35B17748B0F91C0002F07C
:1011C00003FDB0EE401A7548D0ED000A744890ED6A
:1011D000000A00F0FBFE734890ED000ABDEEC00A65
:1011E00010EE100A05F0D0FE70B1307830B16E48C4
:1011F000D0F80C0210B16D48007828B100231A46CF
:101200001946184600948EE0694DD5ED020A95ED19
:10121000000A03F003F800EE100A664EB8EEC00AAA
:1012200085ED010AD6ED020A96ED000A03F064F896
:1012300000EE100A604FB8EEC00A86ED010AD7ED45
:10124000020A97ED000A03F0C5F800EE100ADFF875
:101250006C81B8EEC00A434687ED010AD8ED020A58
:1012600098ED000A03F030F900EE100A44F23C1049
:10127000B8EEC00A83ED010A03F07EFA0BF010F815
:1012800037480078082850D2DFE800F004183258B8
:1012900004580404009498ED010ABDEEC00A10EE53
:1012A000103A97ED010AB1EE400ABDEEC00A10EE09
:1012B000102A96ED010AB1EE400A2AE0009498ED5A
:1012C000010ABDEEC00A10EE103A97ED010AB1EE28
:1012D000400ABDEEC00A10EE102A96ED010ABDEEDE
:1012E000C00A10EE101A95ED010AB1EE400A16E0A0
:1012F00033480068009098ED010ABDEEC00A10EE78
:10130000103A97ED010ABDEEC00A10EE102A96EDD4
:10131000010ABDEEC00A10EE101A95ED010ABDEEED
:10132000C00A10EE100A04F0A7FD264801F030FBB9
:1013300001287FF4A0AE084804609CE60094DAE738
:10134000180200201C0100202401002000000000E1
:10135000345D002054020020A80200200501002076
:10136000FD0100200D0200200E0200200C020020D2
:101370000F0200204802002049020020190200202C
:10138000190100202001002004010020300100206C
:101390002801002030020020F85E00202C020020EE
:1013A000280200201800002000804142FC0100209B
:1013B000E45C0020F85C00200C5D0020205D002033
:1013C00024020020C2000020FEE700001CB501211D
:1013D000084604F02FFA4FF48070009001208DF839
:1013E000040000218DF8061003218DF805108DF8FA
:1013F00007006946014801F003FB1CBD00000240E4
:101400002DE9FE4F0024D8B3D1B3CAB3C3B3401EF5
:10141000491EC7B2CEB2521E5B1E02F0FF099DB23A
:101420000121082004F006FA0121480604F01AFA06
:1014300002218DF804104FF0030B4FF000088DF8D7
:1014400006808DF805B04FF0010ACDF800B08DF898
:1014500007A069464D4801F0D3FA092200214B4804
:1014600001F00AFB09220121484801F005FB484828
:10147000C0F80080016841F001010160021D09E02F
:10148000FFE70120BDE8FE8F641CA4B2642C01D9E3
:101490000220F7E71168C907F6D03D4801680160EE
:1014A0000168016001680160016841F0100101609C
:1014B0000168016001680160354943461C31C1F88B
:1014C0000080D1F80080DDF830C048EA8C7CC1F89B
:1014D00000C0D1F800C04CEA07670F600F6847EA08
:1014E00006560E600F6847EA09460E600E682E43E6
:1014F0000E60016821F0010101604FF6F07005E017
:10150000641CA4B2844201D90320BBE71168C90757
:10151000F6D12048016841F0010101601D491C31EC
:101520000A6822F001020A601A4A0C32146844F078
:1015300001041460021D14681460164A1432146801
:101540001460144A40321360121D13600A6842F09E
:1015500001020A60016803600D481430016841F01F
:101560000201016014208DF808008DF809A08DF8A3
:101570000AB08DF80BA002A803F0B0FA01220221F4
:10158000034800F051FA00207CE70000000C024004
:101590000064004000660040F0B589B002AC07A8C6
:1015A000CDE9000406AB05AA04A9002000F034F937
:1015B0007A480499012281420ED100210846235C19
:1015C000401C1944C0B2C9B20828F8D3082901D177
:1015D0007348027009B0F0BD00209FED721AA1F5AA
:1015E0008073813B0CD0B1F5C17FF3D16E49087097
:1015F0006E486F4902786F48F2B39FED6F0A51E071
:101600006E490A706E4908706E4908706E4908701C
:101610006E4908706E4908706E4908709DF809009F
:101620009DF8081000EB012000B200EE100A6A4895
:10163000F8EEC00A80EE810A80ED000A9DF80B00EA
:101640009DF80A1000EB012000B200EE900A6348FA
:10165000F8EEE00AC0EE811AC0ED001A9DF80D0008
:101660009DF80C1000EB012000B200EE900AF8EE9D
:10167000E01AC1EE810A00E012E05949594C09789C
:10168000022908D000EE100AB8EEC00AC0EE010A26
:10169000C4ED000A9EE708F0AFF884ED000A99E770
:1016A0009FED510A514B81ED000A80ED000A9DF833
:1016B00009009DF808104E4C00EB012000B200EE2E
:1016C000100A4C4D4D4AB8EEC00A4D4FDFF834C1F8
:1016D000C0EE010AC3ED000A9DF80B009DF80A1048
:1016E00000EB012000B200EE100AB8EEC00AC0EE16
:1016F000010AC4ED000A9DF80D009DF80C1000EBE6
:10170000012000B200EE100A3B49B8EEC00AC0EE5C
:10171000010A9FED3F0AC5ED000A9DF80E0000F09A
:1017200001060E70C0F340111170C0F300123A7040
:10173000C0F3C0078CF80070DFF8CCC0C0F38000A5
:1017400011448CF80000394408183049087005D15C
:1017500085ED000A84ED000A83ED000A2EB185EDC7
:10176000000A84ED000A83ED000A9DF80F00294964
:10177000802809D9C0F58070A0EB0010400000EE71
:10178000100AB8EEC00A06E0C0EB0010400000EE00
:10179000100AB8EE400A81ED000A1BE778563412B1
:1017A0001802002000007A441902002005010020E0
:1017B0000402002008020020000016440F0200204E
:1017C0000C0200200E0200200D0200204802002022
:1017D000490200209C020020280200202C02002048
:1017E000FD01002030020020000096431C01002073
:1017F00020010020240100201801002034010020D5
:101800003501002036010020370100201901002099
:101810000000000008010020F0B5224CDDE905754C
:1018200004EB0014D4F8B06516F004061670D4F872
:10183000B02532D0D2080A60D4F8B01501F0020108
:101840001970D4F8B41501F00F013970D4F8B81537
:101850002970D4F8B815090A6970D4F8B815090CBC
:10186000A970D4F8B815090EE970D4F8BC1529711F
:10187000D4F8BC15090A6971D4F8BC15090CA97112
:10188000D4F8BC15090EE97148B1012804D1064805
:10189000016841F020010160F0BD520DCBE7024824
:1018A000001FF5E7006000401064004038B50024D8
:1018B000009108232246012100F02EF8054640F64B
:1018C000FF7301E0641CA4B2284600F07BF80728EF
:1018D00001D09C42F6D39C4201D3012038BD0020A8
:1018E00038BD38B50024009108232246214600F077
:1018F00013F8054640F6FF7301E0641CA4B22846C5
:1019000000F060F8072801D09C42F6D39C4201D336
:10191000012038BD002038BDF0B506462748059D9A
:101920000468640101D5002008E00468240101D5A1
:10193000012003E00068C0003CD50220204C0027B5
:1019400004EB0014C4F8807599B3F600D4F88075E0
:101950003743C4F88075D4F8806546EA8101C4F83D
:101960008015D4F8801541EA4201C4F88015D4F8F6
:10197000842503F00F0122F00F02C4F88425D4F867
:1019800084250A43C4F884252979D5F8052041EA3D
:101990000221C4F88C152978D5F8012041EA0221EA
:1019A000C4F88815D4F8801541F00101C4F88015F9
:1019B000F0BD01E0FF20FBE77605C7E708640040C3
:1019C00000600040174928B1012810D002281BD020
:1019D0000520704708680A6800F0010002F0020262
:1019E0000243086800F0806042EA106070470868AF
:1019F0000A6800F0010002F002020243086800F0E9
:101A0000006042EA5060704708680A6800F0010010
:101A100002F002020243086800F0805042EA90603F
:101A20007047000008640040002A426901D00A4360
:101A300000E08A43426170477CB5174C00206D4638
:101A4000215C2954401CC0B20828F9D3294640F231
:101A50000110FFF746FF00202118097A2954401C85
:101A6000C0B20828F8D369464FF48170FFF739FFF8
:101A700000202118097C2954401CC0B20828F8D342
:101A8000694640F20310FFF72CFF04480078002855
:101A900001D000F005F87CBDBE080020180200202F
:101AA0001CB500208DF800001A48DFED1B0A90EDF0
:101AB000000A20EE200ABDEEC00A10EE101A09122C
:101AC0008DF8011010EE101A8DF8021090ED010A39
:101AD00020EE200ABDEEC00A10EE101A09128DF891
:101AE000031010EE101A8DF8041090ED020A6946EA
:101AF00020EE200ABDEEC00A10EE100A00128DF88A
:101B0000050010EE100A8DF8060040F20510FFF7F0
:101B1000E8FE1CBD0C01002000007A4410B5002135
:101B2000642002F06BFD012806D002280BD1322080
:101B30000AF014FE03F00EF803490878401CC0B206
:101B400008701528F3D010BD285F002030B503467B
:101B50000020012908D10022094C03E0A55C68405F
:101B6000521CD2B29A42F9D3002908D1044A323227
:101B700003E0545C6040491CC9B29942F9D330BDBE
:101B8000BE08002010B504460020012908D100211C
:101B9000044A03E0535C5840491CC9B2A142F9D33E
:101BA00010BD0000100900201CB50AF055FE019080
:101BB000BD4900204FF4FA7401EB8002401C5461CF
:101BC0000628F9DB4FF49670C1E90104B74EDFF83F
:101BD000E0B2012740F6C4184FF0020900250A219F
:101BE00001A80EF02BF8B34940F6B832486890428D
:101BF00001DA401C4860DFF8C0A2DAF80000401C9F
:101C0000CAF8000001F0AAF8FFF788FFA649087893
:101C1000C01E1128E3D2DFE800F00A36094A5069F5
:101C200089A9C9EFEDECEB090909EA00D7E7486893
:101C30008A46002805DD401ECAF8040044F29F10C1
:101C400007E0DAF80800002804DD401ECAF80800A2
:101C50009A4830609A48007808280CD2DFE800F0F3
:101C60001B0421211B211B1B0095336819464A4286
:101C7000104604F001F9DAF804100029AFDCDAF8B4
:101C800008000028ABDC00231A46194618460095C8
:101C900004F0F2F8A3E70095336818464242114673
:101CA000E7E700953368184602460146E1E7A721B9
:101CB00042F20F7004F038FE91E7087B10B1012862
:101CC00008D010E04869404501DA401D48614045B0
:101CD00009DB0F734869A04203DD401F4861A04241
:101CE00001DC81F80C9049695846A5E0087B022880
:101CF00002D04C61CBF80040487B10B1012808D0DD
:101D000010E08869404501DA401D8861404509DBE3
:101D10004F738869A04203DD401F8861A04201DC47
:101D200081F80D9062488969001F85E0487B022890
:101D300003D05F488C61001F0460887B10B10128CC
:101D400008D010E0C869404501DA401DC86140452F
:101D500009DB8F73C869A04203DD401FC861A04240
:101D600001DC81F80E90C969564865E0887B02283D
:101D700002D05448CC610460C87B10B1012808D05F
:101D800010E0086A404501DA401D0862404509DB61
:101D9000CF73086AA04203DD401F0862A04201DC45
:101DA00081F80F904748096A001F45E0C87B022868
:101DB00003D044480C62001F0460087C10B1012865
:101DC00008D010E0486A404501DA401D48624045AD
:101DD00009DB0F74486AA04203DD401F4862A0423D
:101DE00001DC81F810903748496A083824E04FE058
:101DF0004AE03EE022E0FFE7087C022803D03148B9
:101E00004C6208380460487C10B1012808D010E00A
:101E1000886A404501DA401D8862404509DB4F74FD
:101E2000886AA04203DD401F8862A04201DC81F87D
:101E300011902448896A0C380160D0E600200A1805
:101E4000157301EB8002401C54610628F7DB1D4826
:101E50008A6A0C380260001D4A6A0260001D0A6A24
:101E60000260001DCA69026011488A69001F026091
:101E700039E7DAF800006421B0FBF1F0C00703D0C5
:101E80001148C0F8A072AAE60F48C0F8A052A6E612
:101E900091F82D008A460128CFD105F035FC8AF84B
:101EA0002D508AF860509AE6285F00201C0200201E
:101EB00038180040345D0020D802002061BEFFFFCA
:101EC000FD01002040040140000040420349898890
:101ED000C140C80700D00120704700004800002022
:101EE000174A032809D01346DFED160A93ED000ABE
:101EF000082809D00A280ED015E0012913D112496B
:101F00000120096808740EE0022901D001290AD1D4
:101F100030EE600A05E0022901D0012903D130EE3C
:101F2000200A82ED000A92ED000AB5EEC00AF1EE39
:101F300010FA03D29FED050A82ED000A70470000F7
:101F40000002002000004842500100200000000074
:101F500070B504460020024604EB8001401CC1F825
:101F600088291028F8D300204FF400652118401C60
:101F700081F81C21A842F9D3227062700120A07060
:101F8000C4F8C82920764021A171627684F81C2902
:101F900084F81D0984F81F29010284F81E2904F120
:101FA0001C00FEF782F9294604F58E70FEF77DF9D4
:101FB000122104F62610FEF778F93E2104F63810B7
:101FC000FEF773F9002070BD704700002DE9F0475F
:101FD000F0EE411A2DED108BF0EE0CFAB8EE0CEA93
:101FE000B0EE602AB0EE6F1AF0EE4E0A0DF0C4FAB1
:101FF000B0EE408AB0EE6F1AF0EE4E0AB0EE420A32
:102000000DF0BAFAB0EE40AAB0EE6F1AF0EE4E0A3A
:10201000B0EE610A0DF0B0FAFF4CF0EE408A207885
:1020200018B1012801D006280FD1FC48FC4A0078DD
:10203000F0B382ED008A82ED01AAC2ED028A92ED30
:10204000008A92ED01AAD2ED028AF64D012128699B
:102050000EF030F8F0EE409A002128690EF02AF8D0
:102060002078DFF8C483F14EF14FF249F24DF34C82
:10207000B0EE409AF0B3062846D09FEDF1DBDFEDDD
:10208000F2EAB6EE00FA012865D002287ED00328D5
:1020900005D004287BD00728FCD0052878D191ED05
:1020A000000A68EE800AB0EE480A00EECF0A00E0AF
:1020B00021E000EE8F8A85ED020AB0EE6F1AF0EE95
:1020C0004E0A84ED028A0DF057FA85ED020A94ED6E
:1020D000020AB0EE6F1AF0EE4E0A0DF04DFAC6EDA0
:1020E00002EAC7ED02EAD5ED020A60EEA90AC5EDE3
:1020F000020ADFE108E0B0EE681AF0EE4A0AB0EE3C
:10210000480A03F0F3FE9AE798ED000A91ED001AF1
:102110007AEE080A30EE010A38EE4A1AF0EE601A3A
:1021200048EEC00A48EE801AC5ED020AB0EE602AF9
:10213000F0EE410A08EE801A48EEC00AB0EE420AFC
:10214000C4ED020AC6ED021A87ED021AB0EE6F1A4C
:10215000F0EE4E0ACDE1DFF8F482F0EE4A0A98ED97
:10216000000A40EE280A20EE280A10EE100AC5EDFB
:10217000020AFEF77FFA2AEE0FFA41EC1C0B1FEE63
:10218000100AFEF777FA41EC1B0B02E083E096E1C0
:102190007DE018EE100AFEF76DFA41EC1A0BB0EE76
:1021A0004D0AF0EE6D0A08F0EFFE9FEDA91B51EC11
:1021B000100B53EC112BFEF73FF953EC1A2BFEF7E3
:1021C0003BF953EC1B2BFEF731F953EC1C2BFEF7BC
:1021D0008CF8FEF762FAA06098ED000A20EE280A5B
:1021E00010EE100AFEF746FA41EC1A0B1FEE100A29
:1021F000FEF740FA41EC1B0B18EE100AFEF73AFA14
:1022000041EC180BB0EE4D0AF0EE6D0A08F0BCFE82
:102210009FED911B51EC100B53EC112BFEF70CF9B9
:1022200053EC182BFEF708F953EC1B2BFEF7FEF8C6
:1022300053EC1A2BFEF759F8FEF72FFAB06095ED24
:10224000020AB0EE6F1AF0EE4E0A0DF095F985ED28
:10225000020A94ED020AB0EE6F1AF0EE4E0A0DF08B
:102260008BF984ED020A96ED020AB0EE6F1AF0EED9
:102270004E0A0DF081F9C7ED02EAD4ED020A20EE14
:10228000090A60EEA90AC4ED020A86ED020ABDEC55
:10229000108BBDE8F0879FED72CA91ED000A894668
:1022A00020EE0F0A10EE100AFEF7E4F941EC1A0BCB
:1022B00018EE900AFEF7DEF941EC100B08F0A4FED0
:1022C000B0EE40BAF0EE60BAD8F80000FEF7D2F9EE
:1022D00053EC1B2BFEF722F953EC1A2BFEF7A6F852
:1022E000FEF7DBF901EE900A9FED5E1ADFED5E0A64
:1022F000B0EE680A0DF040F9B5EEC00AB0EE40BA93
:10230000F1EE10FA16D099ED000AF0EE610A40EEF7
:102310004F0A60EE880A80EEA11AF0EE610A40EEE4
:102320000F0A20EE880AC0EE210A85ED021AC4EDDC
:10233000020A03E085ED028A84ED028A9FED4B0AD2
:102340002BEE000A10EE100AFEF794F941EC1A0B7E
:102350001BEE100AFEF78EF941EC100B9FED441BAB
:1023600007F0EAFF9FED441B51EC100B53EC112BCF
:10237000FEF762F841EC180B1BEE100AFEF77AF933
:1023800041EC100BB0EE4D1AF0EE6D1A07F0D4FFD1
:102390009FED3B1B51EC100B53EC112BFEF74CF84F
:1023A00053EC182BFDF7A1FF53EC1A2BFEF73EF868
:1023B0009FED351B53EC112BFDF797FFFEF76DF9E1
:1023C00000EE100ADFED320A334BB0EE6F1A70EEFA
:1023D000600A9FED300A00EE8C0AF0EE4E0ABDEE68
:1023E000C00A83ED000A95ED020A0DF0C5F885EDEF
:1023F000020A94ED020AB0EE6F1AF0EE4E0A0DF0EA
:10240000BBF884ED020AC6ED02EAC7ED02EA40F627
:1024100098024FF4487141E0FD01002005010020C1
:10242000D85C002054020020400200200C5D0020F7
:10243000205D00203C020020E45C0020F85C0020CD
:1024400000000000000008400000000044020020DE
:10245000000000000000E0BF000000000000E03FBE
:10246000D7231F440AD7A33E48E1FABEE5D0E23F96
:10247000000000000000004000000000D34DF43FC9
:10248000000000809318E4BF00000000022BF93F19
:102490004C37C93F0080BB442402002018680DF06F
:1024A0007BF8186095ED020A20EE290A85ED020AF4
:1024B00094ED020A20EE090A84ED020AE7E691EDA6
:1024C000000AD8ED000AB0EE6F1A30EE200A60EE76
:1024D000280AB0EE480A00EECF0A00EE8F8AF0EE2E
:1024E0004E0A85ED020A84ED020A86ED028A87ED26
:1024F000028A0DF041F885ED020A94ED020AB0EE71
:102500006F1AF0EE4E0A0DF037F884ED020A96EDE0
:10251000020AB0EE6F1AF0EE4E0A0DF02DF886EDBD
:10252000020A97ED020AB0EE6F1AF0EE4E0A0DF0B5
:1025300023F8D5ED020A20EE090A60EEA90AC5EDDE
:10254000020AD4ED020A60EEA90AC4ED020AD6ED31
:10255000020A60EE890AC6ED020A87ED020A96E6D3
:102560001CB50121082003F065F908200090002027
:102570008DF8040003208DF8050001208DF8070078
:102580006946024800F03CFA1CBD0000000C024005
:10259000F0B5012189B0084603F064F90121032058
:1025A00003F048F903258DF8055002264FF400404A
:1025B0008DF8046001242B4F00908DF806408DF8B3
:1025C00007406946384600F01BFA8DF805508DF833
:1025D00004608DF806408DF807400820224C0090DA
:1025E0006946204600F00CFA01220F21384600F01F
:1025F00043FA01220321204600F03EFA02A804F02B
:10260000B9FC00244FF6FF70ADF808400390750741
:10261000ADF81040ADF80A4002A9284604F06CFC61
:1026200000231A460321284604F087FA05A804F07F
:1026300007FBADF81C4005A9284604F0ABFA0121C0
:10264000284604F05FFA01221146284604F000FBF8
:102650000021284604F026FC0121284604F058FAFF
:1026600009B0F0BD000002400004024030B589B05E
:102670000121022003F0F6F80121022003F0DAF82C
:102680003020039003208DF8110002208DF81000F7
:1026900001208DF81200224C8DF8130003A920466A
:1026A00000F0AEF902220421204600F0E5F90222F2
:1026B0000521204600F0E0F9684604F05BFC0024A8
:1026C0004FF6FF70174DADF800400190ADF808408F
:1026D000ADF802406946284604F00EFC00231A4675
:1026E0000321284604F029FA05A804F0A9FAADF858
:1026F0001C4005A9284604F04DFA0121284604F0A3
:1027000001FA01221146284604F0A2FA00212846C7
:1027100004F0C8FB0121284604F0FAF909B030BDE5
:10272000000402400004004030B589B001210420BB
:1027300003F098F80121022003F07CF8C0200390F8
:1027400003208DF8110002208DF8100001208DF873
:102750001200224C8DF8130003A9204600F050F916
:1027600002220621204600F087F902220721204696
:1027700000F082F9684604F0FDFB00244FF6FF707C
:10278000174DADF800400190ADF80840ADF802409B
:102790006946284604F0B0FB00231A460321284668
:1027A00004F0CBF905A804F04BFAADF81C4005A9DC
:1027B000284604F0EFF90121284604F0A3F901228C
:1027C0001146284604F044FA0021284604F06AFB2A
:1027D0000121284604F09CF909B030BD00040240F4
:1027E0000008004030B589B00121082003F03AF814
:1027F0000121084603F01EF8274C02220021204642
:1028000000F03AF902220121204600F035F90221B8
:102810008DF811108DF81010012103208DF8121081
:1028200003908DF8131003A9204600F0E9F86846DC
:1028300004F0A0FB00244FF6FF70184DADF80040E7
:102840000190ADF80840ADF802406946284604F012
:1028500053FB00231A460321284604F06EF905A80D
:1028600004F0EEF9ADF81C4005A9284604F092F9F1
:102870000121284604F046F901221146284604F0B9
:10288000E7F90021284604F00DFB0121284604F059
:102890003FF909B030BD000000000240000C0040CC
:1028A00072B6FEE7B5EEC00A0E48F1EE10FA04D299
:1028B000B1EE400A4FF0FF3100E00121FDEEC00A09
:1028C0008160C0ED000AF8EEE00A30EE600ADFED4C
:1028D000060A20EE200ABDEEC00A80ED010A01487A
:1028E000704700006803002000007A441CB505A072
:1028F000D0E90010CDE9001069460448FEF7D6FF84
:102900001CBD0000010101010101010178563412D2
:1029100010B5002003F040F8174C411C00D0206097
:10292000012003F039F8411C01D01449086002204D
:1029300003F032F8411C01D011490860032003F074
:102940002BF81049421C00D0086194ED000AB5EE46
:10295000C00AF1EE10FA04D310EE100A0A4A9042AF
:1029600003DD9FED0A0A84ED000A0869642801D995
:102970003220086110BD0000000200200402002087
:10298000080200205402002000401C460000FA43C8
:1029900010B50178002486B0012926D100210170EC
:1029A0000B460A460846009103F066FA0CF0CAFF8F
:1029B0000F48042190ED000A10EE100A01900D4816
:1029C00090ED000A10EE100A02900B4890ED000AFC
:1029D00010EE100A039009480069049001A807F05E
:1029E0005FF9401CC4B20CF0E9FF06B0204610BDF0
:1029F00000020020040200200802002054020020EF
:102A0000F0B5002201274FF0030C0B6807FA02F51E
:102A10002B40AB422CD1066853000CFA03F4A643BA
:102A200006600E79D0F800E09E4046EA0E06066089
:102A30000E79012E01D0022E12D18668A64386603F
:102A40004E79D0F808E09E4046EA0E068660466859
:102A5000AE43466045688E799640B6B235434560D0
:102A6000C568A543C560CC799C40C3681C43C4605D
:102A7000521C102AC9D3F0BD4B07DB0E9A40C9087F
:102A800010B500EB8100016A0F249C40A143016254
:102A9000016A1143016210BD0183704770B5D040D7
:102AA00000F001000C460870097B0026012505296D
:102AB0003AD2DFE801F00337091D330088B30DF087
:102AC00011FF606002200AE00DF00CFF6168401AFF
:102AD000A060217829B1B0F57A7F25D90420207330
:102AE00022E032281FD30DF0FDFE60600320F6E7E0
:102AF0000DF0F8FE61684FF4C872401AA0602178AA
:102B0000012904D090420FD32573012070BD90425B
:102B1000FAD2322808D92573022070BD257303200C
:102B200070BD01E000B926730020F9E710B50A4C2A
:102B30000146072301222046FDF7FEFF2046FEF74F
:102B400035F802212046FDF7CAFF0028F9D02046BB
:102B5000BDE81040FDF7C0BF0020014010B50A4C91
:102B60000146072301222046FDF7E6FF2046FEF737
:102B70001DF802212046FDF7B2FF0028F9D02046BB
:102B8000BDE81040FDF7A8BF00210140F0B4664841
:102B90006749027865480D780678664804789FEDA5
:102BA000661A664BDFED662ADFED661A664F9FED0B
:102BB000672A674897ED000A6649F1EE400A62B15C
:102BC000012A0AD0062A08D0092C66D2DFE804F0D0
:102BD000654346494E5156596200092C24D2DFE81C
:102BE00004F02305080B1013181B200080ED000AC9
:102BF0000CE080ED000A01E080ED001AC3ED000A50
:102C000053E0C0ED000AF9E7C0ED000A83ED001AB9
:102C10004BE0C0ED000A01E080ED001A83ED000AF0
:102C200043E080ED000AF9E780ED001A83ED001A19
:102C3000012E04D0012D07D081ED001A35E0C0EE41
:102C4000220A60EE820A03E0C0EE220A60EEA10AC8
:102C5000C1ED000A29E080ED000A0CE080ED000AD9
:102C600001E080ED001AC1ED001A0EE0C0ED000A8F
:102C7000F9E7C0ED000A81ED001A06E0C0ED000A98
:102C800001E080ED001A81ED002A012E08D0012D0F
:102C900009D00AE080ED000AF5E780ED001AEAE7C6
:102CA00081ED002A01E0C1ED001A022A08D0032AB2
:102CB00013D0052A11D0042A0FD0072A0DD01FE007
:102CC00091ED000AF0EE000A20EE200AF2EE020A70
:102CD00080EE201A81ED001A12E0D0ED000AF5EE28
:102CE000C00AF1EE10FAD1ED000A03D2F1EE600A4B
:102CF000C1ED000A20EE800AC0EE220AC1ED000AF2
:102D0000D0ED000A9FED141A80EE810A80ED000AD2
:102D1000D3ED001AC1EE810AC3ED000A91ED001A4D
:102D2000F0BCFFF753B90000FD0100204A0200206B
:102D30004B02002010020020000000002C020020A6
:102D40000000FA43DB0FC9BF00020020DB0FC93FC0
:102D5000280200203002002000007A4470B50220D2
:102D60002DED068B02F0F8FD594C2060032002F097
:102D7000F3FD6060042002F0EFFDA060052002F08A
:102D8000EBFD544DE060012128690DF093F9B0EEA0
:102D9000408A002128690DF08DF94F4800780828F5
:102DA0001ED2DFE800F004630B0B040B0404D4ED27
:102DB000000AB8EEE0AAD4ED010A61E0D4ED000A01
:102DC0006168B8EEE0AA494200EE901AF8EEE09A87
:102DD000D4ED020AB8EEE09AD4ED030AF8EEE08AE8
:102DE0009FED3E3A3E49404A6AEE030A91ED001AD1
:102DF0003C493F4B60EE811AD1ED000A3B493D4C06
:102E000081EEA02A69EE831A61EE812AC2EEA01A31
:102E100069EE032A28EE833A82ED002A62EE813AB7
:102E200023EE013AC3EEA02AC1ED001A83EE201A68
:102E3000C3ED002A84ED001A78B306282ED00428AA
:102E40002CD007282AD0032839D0052837D00228CB
:102E500035D0012807D1C1EE880AC1ED000AC2EEC3
:102E6000800AC3ED000ABDEC068B70BD21684942A3
:102E700000EE901A6168B8EEE0AA494200EE901A9E
:102E8000A168F8EEE09A494200EE901AE168B8EEC7
:102E9000E09A494200EE901AA0E7FFE7C2EE080A66
:102EA000C2ED000AC1EE880AC1ED000AC2EE800A36
:102EB000C3ED000AC1EE000AC4ED000AD3E7C2EE7A
:102EC000080AC2ED000AC1EE800AC1ED000ACAE795
:102ED000405D002054020020FD0100200000C84297
:102EE0003802002034020020E45C0020F85C00205E
:102EF0000C5D0020205D00202DE9F04100250E46EC
:102F000007462C4608E03846FFF710FE054405202A
:102F100009F024FC641CE4B2B442F4D3B5FBF6F02F
:102F200080B2BDE8F081000010B50820FFF716FE62
:102F3000FDF774FB9FED0E1B53EC112BFDF77CFA94
:102F40009FED0D1B53EC112BFDF776FA9FED0C1B3B
:102F500053EC112BFDF770FA9FED0B1B53EC112B6B
:102F6000FDF76AFAFDF799FB00EE100A10BD0000AC
:102F70006666666666660A4000000000000026403D
:102F80000000008014AEEF3F000000000000303F62
:102F9000D0F8DC0305F043BBD0F8DC0305F055BBEB
:102FA000006806F015B8006806F016B8C1EB01110C
:102FB00000EB8100002200F81A2F4270C272827268
:102FC00010467047C1EB011100EB810090F84C00F6
:102FD0007047C1EB011100EB8100806B704710B5A9
:102FE000044690F8D403012809D0012084F8D403C2
:102FF000206805F0FCFF002084F8D40310BD0220F7
:1030000010BD2DE9FF4F83B00546DDE9117690F83C
:10301000D403DDF8408093468A4601281CD0CAEBD1
:103020000A10012305EB800485F8D4334FF0000922
:1030300084F819900698207584F815A084F82670F5
:103040000BF07F00A07551462846FFF7AFFF5FEAFF
:103050000B6005D5E37505E0022007B0BDE8F08FF1
:1030600084F81790286805F0B7FF012F06D1B8F152
:10307000010F03D110B9BC2E00D9BC2684F81880EA
:10308000B0B22085CDF80080CDE9017028685A469D
:103090005146069B06F016F885F8D493DDE7D0F884
:1030A000DC0305F049BB2DE9F0030E46DDE906C956
:1030B000DDE90874C1EB061100EB81010225CA7538
:1030C00081F82630BCF1000F0AD081F82A50002484
:1030D00063B1012B31D0022B28D0032B16D125E070
:1030E0004FF0030881F82A804C76F0E7BCF1010F1D
:1030F0000CD11AB18A7E012A19D007E0D7B9012272
:1031000081F83D2000E0C2B181F82A50C1F82C902E
:103110004F6381F84C408C634E7581F84D40827945
:103120000068BDE8F003143106F05CB812B191F804
:103130003C20E8E791F83D20E5E781F82A40E5E703
:103140002DE9F04104460068064605F04CFF0128D1
:1031500076D1206806F000FA002871D0206806F0C9
:10316000FBF9800203D521684FF400104861206804
:1031700006F0F2F9C00203D521684FF480104861CF
:10318000206806F0E9F9400103D521684FF080601E
:103190004861206806F0E0F9800702D52168022026
:1031A0004861206806F0D8F9800018D521684FF0F2
:1031B00000504861D6F84004C00710D110213046B5
:1031C00005F0C6FE304605F0A7FE607A022803D15E
:1031D0000121206806F09CF92046FFF7DDFE2068FB
:1031E00006F0BAF9C00102D5204600F01FFC2068A5
:1031F00006F0B2F9000705D5204600F0BAF82168BC
:1032000008204861206806F0A7F9800123D52068CE
:1032100005F0E4FF074600254FF0010814E005F033
:103220000F0108FA01F038420DD006EB4510D0F836
:103230000005E9B20004204603D500F0C6F802E01C
:103240001CE000F080FA6D1C6079A842E7D8216884
:103250004FF000704861206806F07EF9C043C00658
:103260000CD42068816921F010018161204600F0B2
:1032700027FC2068816941F010018161BDE8F0817F
:10328000F8B5040005D094F8D5032568002610B1E0
:1032900006E00120F8BD84F8D463204600F028F849
:1032A000032084F8D503B5F1A04F00D1A6712068A2
:1032B00005F0FEFD207C8DF8000094E80F0005F07D
:1032C00097FD022560B90121206806F081F938B91F
:1032D000207C8DF8000094E80F0006F0B1F810B1E2
:1032E00084F8D553D5E7012084F8D5030020F8BD34
:1032F0003EB50121084602F09DFA0121802002F02E
:10330000A5FA4FF4C050009002208DF8040003206D
:103310008DF80500104D00248DF8074069462846B9
:10332000FFF76EFB0A220B212846FFF7A5FB0A22B6
:103330000C212846FFF7A0FB43208DF8080005204C
:103340008DF809008DF80A4001208DF80B0002A8C5
:1033500001F0C4FB3EBD000000000240D0F8DC03D9
:1033600005F007BAD0F8DC0305F007BA006806F0EC
:1033700016B9D0F8DC0305F0A8B910B5044690F8EA
:10338000D40301280DD0012084F8D4030121206842
:1033900005F0A6FD206805F0B9FD002084F8D403EF
:1033A00010BD022010BD10B5044690F8D4030128CA
:1033B00009D0012084F8D403206806F037F90020F2
:1033C00084F8D40310BD022010BD2DE9F05F05463E
:1033D00000680E46074606F0B7F8C6EB0611400730
:1033E0004FF007084FF0040905EB810401D548466A
:1033F00033E03146286806F0A7F8C0054FF0080A08
:1034000008D507EB46114FF48070C1F8080584F821
:103410004DA028E03146286806F096F8000705D54B
:1034200007EB4611C1F808A506200CE031462868D4
:1034300006F08AF8400509D507EB46114FF4806085
:10344000C1F80805092084F84D000CE031462868D1
:1034500006F07AF800060AD5802007EB4611C1F87D
:10346000080584F84D803146286805F0C0FD3146D6
:10347000286806F069F880052868314604D505F00B
:10348000B6FD4FF4007059E106F05EF8C0074FF04A
:10349000200B4FF0010A4FF000084ED007EB461703
:1034A000C7F808B5E07E012807D184F81B80D7F85B
:1034B000040520F48030C7F80405A87930B1206BEA
:1034C000D7F81015C1F31201401AA06384F84DA07B
:1034D000C4F844805246C7F808A594F8260030B1D5
:1034E000022804D003280AD0012808D013E031466E
:1034F000286805F07CFD1020C7F808050BE0D7F818
:10350000000540F00050C7F8000584F84C20314613
:103510002846FFF7C4FDA879012807D1208DA16BAB
:103520000144491EB1FBF0F0C00704D014F83C0F71
:1035300080F001002070BDE8F09F3146286806F059
:1035400003F880060CD507EB4611C1F808B5A07E3C
:103550000128F0D184F81BA0032084F84D00B4E0CA
:103560003146286805F0F0FF80074FF0050B75D550
:1035700007EB46100222C0F8082594F84D100129E7
:1035800016D0062919D007291CD009291AD00529D7
:1035900033D0032963D004297DD008297ED00229A5
:1035A000C9D094F84C2031462846FFF778FDC2E791
:1035B00084F84D2084F84CA0F3E784F84D2084F87B
:1035C0004CB0EEE784F84D20616C491C616402291F
:1035D00010D9C4F84480A27E4146012A07D1E17681
:1035E0002177D0F8041521F48031C0F8041584F84F
:1035F0004C90D6E784F84C2022E084F84D20E17E00
:103600000129CED194F826100329F3D1A16C491CCD
:10361000A164022911D9C4F8488084F81B80616C28
:10362000032901D284F81CA0D0F8041521F48031BC
:10363000C0F8041584F84C9002E084F84C20B0E700
:1036400094F8261009B10229ABD1D0F8001521F069
:10365000804141F00041C0F80015A2E724E084F861
:103660004D20E17E01299CD184F84C20D0F804152E
:1036700041F48031C0F80415D0F80C1541F0400138
:10368000C0F80C15D0F80C1521F02001C0F80C156D
:10369000D6E700E002E084F84D20ABE784F84D2047
:1036A000606C401C6064A2E73146286805F04CFF5E
:1036B000400610D507EB46114020C1F8080584F8F4
:1036C0004DB0A07E08B9C4F8448031462868BDE8F2
:1036D000F05F05F08CBC3146286805F035FFC00668
:1036E0007FF565AF94F82600032803D028B102289F
:1036F00003D00FE0C4F8448006E0C4F84480A87901
:1037000010B1E07E012818D184F84D903146286828
:1037100005F06DFCE07E01280FD107EB461084F820
:103720001B80D0F8041521F48031C0F80415D0F8BE
:103730000C1541F02001C0F80C15102007EB4611C4
:10374000C1F80805F7E62DE9F05F054600680F4669
:10375000064605F0F9FEC7EB071140074FF0040AD3
:1037600005EB810405D506EB4711C1F808A5072034
:1037700089E03946286805F0E7FE80064FF000082A
:103780004FF001094FF0020B28D506EB471120201E
:10379000C1F80805607E0326012809D184F8198044
:1037A00084F84CB084F84D603946286805F01FFC59
:1037B000A07E012810D1E07E00280DD194F82600CB
:1037C000012801D084F81B9084F84D6039462868A0
:1037D00005F00DFCC4F84480BDE8F09F3946286828
:1037E00005F0B2FE800506D506EB47114FF40070D8
:1037F000C1F8080549E03946286805F0A5FEC0076C
:1038000020D0C4F844803946286805F09DFE400663
:1038100006D506EB471184F819904020C1F8080539
:10382000E07E48B106EB471084F81B80D0F8041501
:1038300021F48031C0F8041506EB47114846C1F861
:10384000089520E03946286805F07EFE40060ED532
:10385000052084F84D00A07E08B984F81990C4F8BA
:1038600044803946286805F0C2FB402028E03946EC
:10387000286805F069FE00070DD506EB4711082002
:10388000C1F80805062084F84D0039462868BDE8CF
:10389000F05F05F0ACBB3946286805F055FEC00660
:1038A00013D5C4F8448084F84DA0607E18B9207EFA
:1038B00008B984F819903946286805F098FB10205B
:1038C00006EB4711C1F8080586E73946286805F078
:1038D0003BFE00061CD5A87970B1606C401C60648A
:1038E000022811D9C4F84480524684F84CA03946C5
:1038F0002846FFF7D4FB09E0072084F84D0039463D
:10390000286805F074FB01E084F84CB08020D7E70C
:103910003946286805F018FE400509D5092084F8C5
:103920004D003946286805F062FB4FF48060C7E718
:103930003946286805F008FE8007C5D506EB471113
:103940005A46C1F808B594F84D00012817D003284D
:103950003AD0042840D005284ED006284FD007285A
:1039600001D00928B0D184F84D20606C401C6064FF
:1039700002284AD9C4F8448084F84CA04FE084F867
:103980004D2084F84C9094F82600022801D003289A
:1039900045D1A87928B994F83D0080F0010084F859
:1039A0003D00A87901283AD1606B20B3218D0844ED
:1039B000401EB0FBF1F0C00731D094F83D0080F01C
:1039C000010084F83D002AE084F84D20E07E0128C3
:1039D00025D184F84C2022E084F84D2084F84C2036
:1039E000E07E01281BD184F81B80D1F8040520F467
:1039F0008030C1F8040512E084F84D20E9E784F82E
:103A00004D20052084F84C0009E084F84C20D1F8C2
:103A1000000520F0804040F00040C1F8000594F817
:103A20004C2039462846FFF73AFBD5E67CB50468BA
:103A30000546D4F840040190D4F8400420F02E004C
:103A400000900198800709D50198C00702D0284648
:103A5000FFF79EFA009840F00200009001980007DE
:103A600024D5009840F008000090019840071AD52E
:103A7000687A022803D0E87901280CD00FE0019879
:103A8000C0F341400228286803D0012105F040FD21
:103A900005E00221FAE74EF66020C4F80404284647
:103AA000FFF760FC02E02846FFF758FC019880060B
:103AB000009802D540F020000090C4F840047CBD7E
:103AC0002DE9F041024600680746016AC1F343430D
:103AD00001F00F06C1F30A15022B2ED1002D2CD0B8
:103AE000C6EB061102EB8104E16A002925D0A26B26
:103AF000636B2A449A4222D82A4605F031FDE06AD7
:103B00002844E062A06B2844A06307EB4610D0F87D
:103B10001015228DC1F3C941AA420ED100290CD043
:103B2000D0F8001521F0804141F00041C0F80015A7
:103B300014F83C0F80F001002070BDE8F0810420F3
:103B400084F84C00F9E7FEE7B5EEC00AF1EE10FA92
:103B500001D2B1EE400A7047B4EEE00AF1EE10FA7D
:103B600002D2B0EE600A7047B4EEC10AF1EE10FA6C
:103B7000F9DDB0EE410A7047DFED090A094801E0BE
:103B800030EE600A10EE101A8142F9DC064910EEA0
:103B9000100A884202D930EE200AF8E77047000088
:103BA000DB0FC940DB0F4940DB0F49C005489FEDE3
:103BB000040A002180ED000A80ED010A01727047BD
:103BC000000000001C5F002070B52DED048BDFEDC0
:103BD000569A00EE100AB8EEC00ADFED540A20EE45
:103BE000200ADFED530A20EE200ADFED520A20EE14
:103BF000200ADFED510AC0EE208AB0EE680AFFF716
:103C0000A3FF10EE100A4D499FED4D9A884202DC49
:103C1000B0EE490A01E0B0EE680A4A4C207AA0B33F
:103C2000D4ED000A40EE290AB0EE600AFFF7A4FFC7
:103C300084ED000AB1EE400AFFF79EFFB0EE408A25
:103C400094ED010AB6EE001AFEEE000A08EE290A0B
:103C5000FFF782FF84ED010AB0EE480AFFF774FF18
:103C600010EE100A384DA84217DCB0EE680AFFF7D4
:103C70006BFF10EE100A354988420EDCB0EE490A9F
:103C800084ED010ABDEC048B70BDFFE7FFF78EFFEA
:103C900001202072B0EE490AF4E79FED2D0ADFED16
:103CA0002D0A9FED2D9A28EE000A08EEE00AB5EEE7
:103CB000C00AF1EE10FA04DD10EE100A274988421E
:103CC00026DBB5EEC00ADFED269AF1EE10FA04D23B
:103CD00010EE100A2349884217D3B5EEC00AF1EE60
:103CE00010FA17D1B0EE480AFFF72EFF10EE100AB7
:103CF000A84205DDB5EEC08AF1EE10FA08DC04E05A
:103D0000F5EEC08AF1EE10FA02DDB0EE690A01E0CC
:103D1000B0EE490ABDEC048BB7EE001AFFEE000AC4
:103D2000BDE87040FFF718BF0AD7233C0000FA43F4
:103D300000000038DB0F4940000034436F12033BA2
:103D4000000000001C5F00200AD7233C8FC2F53C16
:103D5000C3F5A83FEC51383E0AD7A33D0AD7A33D8F
:103D60000AD7A3BD0AD7A3BD70B50D4C0025C4F872
:103D7000A8520C48016821F440010160016841F437
:103D800080010160C4F8AC52012004F52A7408F0E7
:103D900001FD0120206008F0FDFC256070BD0000E1
:103DA00000804042000402401CB50121022001F0C5
:103DB00041FD4FF44060012400908DF80440002044
:103DC0008DF8060003208DF805008DF80740694640
:103DD0000448FEF715FE0448C0F8A842C0F8AC42FB
:103DE0001CBD0000000402400080404270B50D4C34
:103DF0000026C4F8A8620C48016821F44001016063
:103E0000016841F4800101600125C4F8AC522846E4
:103E100004F52A7408F0BEFC2560012008F0BAFC05
:103E2000266070BD00804042000402402DE9F0474A
:103E3000814618480025016821F4400101600168AD
:103E40000160154E2C462F464FF00108C6F8A872A7
:103E5000012008F09FFCC6F8A8826806D6F82C124C
:103E6000000E11B140F0010501E020F00105012034
:103E700008F090FC641CE4B2082CE7D3B9F1000F01
:103E800004D0FFF7B3FF2846BDE8F087FFF76CFFCB
:103E9000F9E70000000402400080404270B50D4682
:103EA000044600F01BF8204600F0B0F800F05EF881
:103EB000284600F0ABF800F059F800F00FF844F095
:103EC000010000F0A3F800F051F80120FFF7AEFF69
:103ED000044600F02BF8204670BD000070B5114874
:103EE000016821F440010160016841F48001016032
:103EF0000D4C0120C4F8AC02D4F82C1200290FD0CC
:103F0000C4F8A80208F046FC0025C4F8AC52D4F866
:103F10002C02002804D1012008F03CFCC4F8A8526F
:103F200070BD000000040240008040420D4810B502
:103F3000016821F440010160016841F480010160E1
:103F4000094C0020C4F8A802C4F8AC02012004F512
:103F50002A7408F01FFC012020606060BDE810405A
:103F600008F018BC000402400080404270B51248BE
:103F70000024016821F440010160016801600F4DD7
:103F80000126C5F8AC62304608F004FCC5F8A8620A
:103F900007E0641CE4B2322C03D9FFF7C7FF00200E
:103FA00070BD012008F0F6FBD5F82C020028F0D1F6
:103FB000C5F8A802012070BD000402400080404204
:103FC0002DE9F0411D4614460F468046069EFFF738
:103FD00065FF621CFF21C4F1080301FA02F22B44C1
:103FE0005B1ED9400A43C5F108018E40D2B2F1B23E
:103FF000C4F10703D940104040EA01023946404667
:1040000000F034F80120BDE8F08100002DE9F04116
:1040100005461448016821F440010160016841F43B
:1040200080010160104E0027C6F8A8723C464FF090
:104030000108E809C6F8AC026806050E012008F080
:10404000A9FBC6F8A882012008F0A4FBC6F8A87254
:10405000012008F09FFB641CE4B2082CE9D3BDE802
:10406000F0810000000402400080404270B5154617
:104070000E460446FFF732FF2046FFF7C7FFFFF763
:1040800075FF3046FFF7C2FFFFF770FF2846FFF7C6
:10409000BDFFFFF76BFFFFF749FF012070BD000078
:1040A0000F4820B5811C021D08F0F4FB0D48406844
:1040B000B0F57A7F12DB0A491E39CA8B8A810B8CD4
:1040C000CB81488C08820D88521BCA834A889A1A71
:1040D0000A848A88801A00F580404884204620BDE2
:1040E000165F0020345D0020164820B5811C021D9B
:1040F00008F040FC1448154A154943680120B3F5FF
:104100007A7F02DA0860107019E0124B5D6815B909
:104110000025157058604FF49670086009491839E9
:104120000A8B4A824B8B8B82888BC882CD88521B2C
:104130000A830A899A1A4A834A89801A8883204600
:1041400020BD0000105F0020345D0020FC01002035
:1041500040000020380100200021D020FFF79EBE43
:1041600008B508F079FB094C4FF47A7500900A21E4
:1041700068460BF063FDFFF793FFFFF7B5FF60683C
:10418000A842F4DA00F00CF8F1E70000345D0020FA
:104190000A8802804A8842808988818070470000AE
:1041A000F0B51C4A1C48B2F91810436801EB030C27
:1041B000C0F804C0B2F91A108368CF188760B2F94A
:1041C0001C10C368CE18C660B2F91E100369CD1862
:1041D0000561B2F920104369CC184461B2F922108C
:1041E00083690B4483610188491C89B201809CFB6F
:1041F000F1F0D08097FBF1F0108196FBF1F0508147
:1042000095FBF1F0108094FBF1F0508093FBF1F0FE
:104210009080F0BDF85E0020BC0200202E4930EEF8
:10422000C00A2E48D1ED070A2E4A90ED001A70EE12
:10423000600A2B4860EE810A90ED001A41EE000AF8
:1042400091ED061A70EE810A10EE900AC1ED060A91
:10425000904203DDDFED240AC1ED060A10EE900A5C
:10426000224A904203D9DFED220AC1ED060A81ED10
:10427000070A887848B3B0EE600AF7EE000AB5EE98
:10428000C00AF1EE10FA03DD30EE600A81ED060A95
:10429000B5EEC00AF1EE10FA03D230EE200A81ED3D
:1042A000060A10EE100AB0F1804F0ADAB0F1404F62
:1042B00007D29FED100A81ED060A087940F001004F
:1042C00002E0087920F00100087191ED060ABDEEC8
:1042D000C00A10EE100A70475402002004020020A9
:1042E000080200200078824600788246007882C664
:1042F000007882C6000000002E4930EEC00A2E4829
:10430000D1ED0A0A2E4A90ED001A70EE600A2B4891
:1043100060EE810A90ED001A41EE000A91ED091A53
:1043200070EE810A10EE900AC1ED090A904203DD99
:10433000DFED240AC1ED090A10EE900A224A9042EC
:1043400003D9DFED220AC1ED090A81ED0A0A887856
:1043500048B3B0EE600AF7EE000AB5EEC00AF1EE1F
:1043600010FA03DD30EE600A81ED090AB5EEC00AED
:10437000F1EE10FA03D230EE200A81ED090A10EEB8
:10438000100AB0F1804F0ADAB0F1404F07D29FED2A
:10439000100A81ED090A087940F0020002E008796C
:1043A00020F00200087191ED090ABDEEC00A10EE7E
:1043B000100A704754020020040200200802002066
:1043C0000078824600788246007882C6007882C6ED
:1043D00000000000334930EEC00A3348D1ED0D0A29
:1043E000334A90ED001A70EE600A304860EE810AA0
:1043F00090ED001A41EE000A91ED0C1A70EE810A60
:1044000010EE900AC1ED0C0A904203DDDFED290A9F
:10441000C1ED0C0A10EE900A274A904203D9DFED55
:10442000270AC1ED0C0A264881ED0D0ADFED250AA9
:104430000078032803D0022801D0052801D1C1ED5E
:104440000C0A887838B391ED0C0AB7EE001AB5EE75
:10445000C00AF1EE10FA03DD30EE410A81ED0C0ADC
:10446000B5EEC00AF1EE10FA03D230EE010A81ED8A
:104470000C0A10EE100AB0F1804F08DAB0F1404F8C
:1044800005D2C1ED0C0A087940F0040002E0087979
:1044900020F00400087191ED0C0ABDEEC00A10EE88
:1044A000100A704754020020040200200802002075
:1044B0000078824600788246007882C6007882C6FC
:1044C000FD01002000000000384930EEC00A3848E5
:1044D000D1ED100A384A90ED001A70EE600A3548A6
:1044E00060EE810A90ED001A41EE000A91ED0F1A7C
:1044F00070EE810A10EE900AC1ED0F0A904203DDC2
:10450000DFED2E0AC1ED0F0A10EE900A2C4A904200
:1045100003D9DFED2C0AC1ED0F0A2B4881ED100AFB
:10452000DFED2A0A0078032805D0022803D00528E9
:1045300001D0012801D1C1ED0F0A887878B391ED3F
:104540000F0AB7EE001AB5EEC00AF1EE10FA03DD5D
:1045500030EE410A81ED0F0AB5EEC00AF1EE10FA15
:1045600003D230EE010A81ED0F0A10EE100AB0F10D
:10457000804F08DAB0F1404F05D2C1ED0F0A08793B
:1045800040F0080002E0087920F00800087108797E
:104590000F2804D1002088700122CA70087191EDA3
:1045A0000F0ABDEEC00A10EE100A70475402002038
:1045B000040200200802002000788246007882462B
:1045C000007882C6007882C6FD010020000000004D
:1045D0001CB50121102001F02DF900218DF80410E7
:1045E000032101208DF8051000908DF80700694621
:1045F0000148FEF705FA1CBD0010024000EE100A4B
:10460000B7EE001A70B5F8EE400A3948394D00226D
:1046100081EE200ADFED350A037A20EE200A4BB145
:10462000C271C282028342838283D5F80032012B99
:1046300000D10272D5F80032012463B9037A53B96C
:10464000C471438B5B1C9BB243838B4203D942836F
:10465000038B5B1C0383DFED280A068B80EE801A38
:10466000FCEEC10A10EE903A9BB2B34202D2047241
:10467000032070BDC379B3B3D5F80032012B09D143
:10468000838B5B1C9BB283838B4203D98283C18A59
:10469000491CC182DFED190A80EE801AFCEEC10AC6
:1046A00010EE901ADFED160A8AB2C18A8A420ED243
:1046B00080EE801ABCEEC11A11EE102A92B28A4224
:1046C00005D9D5F8001271B90472022070BD80EED0
:1046D000801ABCEEC10A10EE102A92B28A4203D2AE
:1046E0000472012070BDFFE70020FBE700007A4460
:1046F0002000002000004242000016440000484212
:104700000000FA4310B500216420FFF777FF154938
:104710000968002915D1144A02F118018C1D0128DD
:1047200010D0022813D003280BD1104901200870A3
:104730000F490878401CC0B20870012801D9002038
:10474000087010BD0B4B187850B100201870901DE8
:10475000FFF71EFD2146BDE810400348FFF718BDD6
:104760000120F3E714020020F85E0020A5020020DB
:10477000A00200200501002000EE900A41421E4ADE
:10478000B8EEE01A00EE901A00B592ED010AF8EECC
:10479000E00A0AF0F1FE00EE900A82ED010A174AE3
:1047A000B8EEE01A00EE901A92ED010AF8EEE00A77
:1047B0000AF0E2FE00EE900A82ED010A104AB8EE1D
:1047C000E01A00EE901A92ED010AF8EEE00A0AF003
:1047D000D3FE00EE900A82ED010A0A4AB8EEE01A12
:1047E00000EE901A92ED010AF8EEE00A0AF0C4FE1B
:1047F00082ED010A00BD0000E45C0020F85C0020AE
:104800000C5D0020205D002070B53C21D020FFF71A
:1048100045FB04463B21D020FFF740FB04EB002082
:104820001F4C3E21E083D020FFF738FB05463D2199
:10483000D020FFF733FB05EB002020844021D0205F
:10484000FFF72CFB05463F21D020FFF727FB05EBA8
:104850000020144900B260844A680121124B134EB3
:10486000B2F57A7F02DA3160197070BD104A1568AE
:1048700015B900251D7011604FF496713160E18B00
:10488000A181228CE28120822388C91AE183618878
:10489000511A2184A188401A00F58040608470BDBF
:1048A000F85E0020345D0020FC0100204000002064
:1048B0004801002070B54421D020FFF7EFFA0446EC
:1048C0004321D020FFF7EAFA04EB0020174C4621E1
:1048D0002083D020FFF7E2FA05464521D020FFF7DC
:1048E000DDFA05EB002060834821D020FFF7D6FADF
:1048F00005464721D020FFF7D1FA05EB00200C49EF
:1049000000B2A0834968B1F57A7F0DDB218B61820B
:10491000628BA282E082E388C91A21832189511A1D
:1049200061836189401AA08370BD0000F85E002099
:10493000345D0020BC2801D3012210E0622801D39D
:1049400002220CE02A2801D3032208E0142801D314
:10495000042204E00A2801D3052200E006221A21DD
:10496000D020FFF783BB10B504464FF47A70844221
:1049700001D9044602E0042C00D20424B0FBF4F078
:10498000401EC2B21921D020FFF770FB6008BDE8BD
:104990001040FFF7CFBF7521D020FFF77FBA10B5C9
:1049A00080226B21D020FFF761FBC82007F0D6FEE4
:1049B00000226B21D020FFF759FB012000F03AF8CC
:1049C000002000F02EF83220FFF7CDFF0022382122
:1049D000D020FFF74BFB00226A21D020FFF746FBD7
:1049E00000222321D020FFF741FB80223721D02055
:1049F000FFF73CFB7521D020FFF750FA682801D063
:104A0000012010BD01226B21D020FFF72FFB0022D7
:104A10006C21D020FFF72AFB3220FFF7A4FF0020F3
:104A200010BD08B50223009004221C21D020FFF7FE
:104A3000C7FA08BD08B50223009004221B21D0202C
:104A4000FFF7BEFA08BD000008B507F005FF094CE6
:104A50004FF47A7500900A2168460BF0EFF8FFF7E3
:104A6000D3FEFFF727FF6068A842F4DAFFF798FB50
:104A7000F1E70000345D0020124910B510480860CD
:104A800001221149114803F065FD08B1FDF708FF47
:104A90000F490E4804F04BF908B1FDF701FF0D492D
:104AA0000A4804F044F908B1FDF7FAFE074804F09B
:104AB00085F9002803D0BDE81040FDF7F1BE10BD18
:104AC0005401002050010020D18D00086C630020AB
:104AD000E402002004030020FEE7704730B50F23F6
:104AE000C27801780125FAB1144A126801F1E02177
:104AF00002F4E062C2F5E062C2F30722C2F10404EC
:104B0000D3404278A24084781C401443220181F8AB
:104B10000024007800F01F018D404009800000F162
:104B2000E020C0F8005130BD01F01F008540480969
:104B3000800000F1E020C0F8805130BD0CED00E0B5
:104B40000249084302490860704700000000FA0566
:104B50000CED00E0BFF34F8F04480168044A01F4F4
:104B6000E06111430160BFF34F8FFEE70CED00E001
:104B70000400FA0510B40021084B0A46002003EB9C
:104B8000C004401CC0B262548028F8D3491CC9B28A
:104B90000829F3D310BC00F0F1B800007403002022
:104BA0002DE9F0471F4690460E4682460025DDF867
:104BB000209011E03146504600F004F9544607E0D9
:104BC00019F8050001216D1C00F09CFA641CE4B288
:104BD0004445F5D3761CF6B2BE42EBD3BDE8F08770
:104BE00010B57F2816D83F2914D80723A3EBD1038B
:104BF00001F00701C1F107040121A140064CDBB21D
:104C000004EBC000002AC25CC9B201D00A4300E034
:104C10008A43C25410BD000074030020F0B516464C
:104C20000D4607460024FFF7DBFF3246294638468B
:104C3000FFF7D6FF2819C1B232463846FFF7D0FF3A
:104C4000641CE4B2082CF5D3F0BD00007CB5012152
:104C5000082000F0EFFD01268DF8046000244FF4D9
:104C6000F0408DF8064000908DF805408DF8074023
:104C700069464048FDF7C4FE0121080700F0F2FD37
:104C8000012000F0D1FD002000F058FE002000F0CF
:104C9000CBFD394DC5F8B042642005F52C7507F001
:104CA0005DFD2E600021AE2000F02CFA0021D52001
:104CB00000F028FA0021502000F024FA0021A8205A
:104CC00000F020FA00213F2000F01CFA0021D32040
:104CD00000F018FA0021084600F014FA00214020E4
:104CE00000F010FA00218D2000F00CFA00211420B1
:104CF00000F008FA0021202000F004FA0021022030
:104D000000F000FA0021A12000F0FCF90021C020F1
:104D100000F0F8F90021DA2000F0F4F90021122067
:104D200000F0F0F90021812000F0ECF90021EF20E3
:104D300000F0E8F90021D92000F0E4F90021F12089
:104D400000F0E0F90021DB2000F0DCF90021302048
:104D500000F0D8F90021A42000F0D4F90021A62009
:104D600000F0D0F90021AF2000F0CCF9FFF702FFEE
:104D70007CBD0000000C02400080414270B5104E26
:104D8000002505F1B000C0B2002100F0BBF9002100
:104D9000084600F0B7F90021102000F0B3F9002414
:104DA00006EBC4000121405D00F0ACF9641CE4B2E4
:104DB000802CF5D36D1CEDB2082DE2D370BD000040
:104DC0007403002010B50446B031C8B2002100F0D1
:104DD00099F9102040EA1410002100F093F904F032
:104DE0000F00BDE81040002100F08CB970B51546E9
:104DF0000E4604460CE02A463146204600F0A8F84C
:104E00001034E4B2702C02D900241036F6B2AD1C76
:104E100028780028EFD170BD70B515460E460446BF
:104E20000CE02A463146204600F04EF80C34E4B23D
:104E3000742C02D900240C36F6B2AD1C2878002858
:104E4000EFD170BD2DE9F04F203A98460D468346CC
:104E5000894602F0FF0A00262EE0B8F10C0F08D0B8
:104E6000174901EB0A100027845D200607D5099A2F
:104E700008E014490AEB4A0001EB8000F3E70998C7
:104E800090B1002229465846FFF7AAFE6D1C600625
:104E9000EDB2040EA5EB0901414507D10BF101006C
:104EA0004D4600F0FF0B05E00122EBE77F1CFFB24F
:104EB000082FDAD3761CF6B24645CED3BDE8F08F84
:104EC000F4110108800D01082DE9F74F172514781A
:104ED0001E4B8B46002000EB800101EBC00113F854
:104EE0001160A6422DD103EB4109567899F80110C3
:104EF000B14226D100254FF0800A09EB0500009948
:104F000090F8028005F0010000240BEB550701EB3F
:104F1000C0062AFA04F010EA080F06EB0400F9B202
:104F2000C0B201D0012200E00022FFF759FE641C4C
:104F3000E4B2082CEDD36D1CEDB2182DDDD3BDE825
:104F4000FE8F401CC0B2A842C5D3F8E792250108E5
:104F50002DE9F74F672514781D4B8B46002000EB99
:104F6000001113F81160A6422DD103EB41095678C8
:104F700099F80110B14226D100254FF0800A09EBC3
:104F80000500009990F8028005F0010000240BEB69
:104F9000550701EBC0062AFA04F010EA080F06EBE9
:104FA0000400F9B2C0B201D0012200E00022FFF7F4
:104FB00017FE641CE4B2082CEDD36D1CEDB2202D5D
:104FC000DDD3BDE8FE8F401CC0B2A842C7D3F8E7CE
:104FD000E41701080149012048707047A002002031
:104FE0002DE9FF4F81B00027DDF838B01D4692460D
:104FF00080463C464FF001094FEA5B0627E0281B3C
:10500000401EC1B20A2007F0A7FEBAFBF0F00A2149
:10501000B0FBF1F201FB120027B9691E8C4201DAE4
:1050200048B101273030C2B206FB0480C0B25B46F3
:10503000CDF8009006E006FB0480C0B25B4620225B
:10504000CDF800900299FFF7FDFE641CE4B2AC427B
:10505000D5D305B0BDE8F08FF8B516460D46044629
:10506000012714E07A2C02D900241035EDB23A2D34
:1050700003D900242546FFF77DFD009732780C23E5
:1050800029462046FFF7DEFE0834E4B2761C30786D
:105090000028E7D1F8BDF8B516460D4604460127AD
:1050A00014E07A2C02D900241035EDB23A2D03D940
:1050B00000242546FFF75EFD00973278102329462D
:1050C0002046FFF7BFFE0834E4B2761C3078002893
:1050D000E7D1F8BD30B50A4D00242868C11700EBB0
:1050E0001170B4EB201F01DA012200E00022002140
:1050F0002046FFF793FD641CE4B2802CEDD330BD55
:105100005002002030B500230E4A012411B1C2F82C
:10511000AC4201E0C2F8AC320021C2F8B832050658
:1051200002D5C2F8B44201E0C2F8B432C2F8B842C3
:105130004006491C000EC9B20829EED3C2F8AC42A1
:1051400030BD0000008041420148FDF7F9BF00007A
:105150008C5F00200020044A01461154401CC0B25C
:105160000928FAD370470000740700202DE9F8439E
:1051700001250746ADF800501B4800264670ADF8E3
:1051800000501A4C80464FF6FF7924E0BDF800002D
:10519000384202D0C4F8B05201E0C4F8B062C4F89A
:1051A000A052052007F0F6FAC4F8A062052007F027
:1051B000F1FAC4F8A052D4F83C0230B198F80110CA
:1051C000BDF80020114388F80110BDF8001009EA6D
:1051D0004100ADF80000BDF80000FF28D6D9BDE8B9
:1051E000F843102007F0D6BA7407002000004242AE
:1051F00070B5FFF7AFFF00F01BF9244D6C78412C20
:1052000003D0202C01D0FF2C07D100F065F9092232
:105210001F491E48FBF730F86C70002108462A5CD5
:10522000401C1144C0B2C9B20928F8D318481C3830
:1052300079B100210170296840F8251F6968416033
:10524000297A0172B5F80310C94320F8211CC8B2AD
:1052500070BD0178491CC9B201700A290BD90B2114
:105260000170C169C0F82510016AC0F8291090F8D2
:10527000241080F82D10D0F825102960D0F82910BE
:10528000696090F82D102972D5E70000740700209E
:105290006400002010B5154C0020C4F8A8021020AE
:1052A00004F52A7407F076FA0120FFF75FFF432028
:1052B000FFF75CFF0020FFF759FF0120FFF756FFC3
:1052C0000020FFF753FF0020FFF750FF0020FFF7FB
:1052D0004DFF0020FFF74AFF0020FFF747FF0120A6
:1052E0002060BDE81040102007F054BA0000424290
:1052F00010B5154C0020C4F8A802102004F52A743B
:1053000007F048FA0120FFF731FF4320FFF72EFF97
:105310000020FFF72BFF0020FFF728FF5A20FFF7A0
:1053200025FF5A20FFF722FF5A20FFF71FFF5A20C0
:10533000FFF71CFF5A20FFF719FF01202060BDE88E
:105340001040102007F026BA000042427CB501212F
:10535000102000F06FFA4FF40040002400908DF808
:10536000044003208DF805000D4E02258DF80750EE
:1053700069463046FDF744FB01218DF804108DF895
:1053800006404FF4A8508DF8055000908DF8071096
:1053900069463046FDF734FB00F004F87CBD0000A0
:1053A00000100240034904200870044902480860C4
:1053B000704700004C0100205000002050010020E8
:1053C00070B5FFF715FF1848184CC1792170017AA4
:1053D000C1F1FF0161704179A1708079E07008200E
:1053E000FCF774FDFF25002608B1257100E0267149
:1053F0000920FCF76BFD08B1657100E066710A4D8C
:105400000A4E00240C35083E05EB04112246B088F4
:10541000FDF744FB010002D02046FCF761FD641C4F
:10542000E4B20F2CF0D970BD7407002050000020AA
:105430002DE9FC4100268DF800600125ADF80450EF
:10544000224CC4F8A862224F3878FFF78FFE787894
:10545000FFF78CFE02208DF800001E4F4FF6FF78FC
:105460002CE0ADF804501DE0C4F8A052052007F070
:1054700091F9C4F8A062052007F08CF9C4F8A05295
:10548000D4F83C0240B19DF80000BDF80410385C2F
:1054900008439DF800107854BDF8041008EA410054
:1054A000ADF80400BDF80400FF28DDD9102007F096
:1054B00071F99DF80000401C8DF800009DF8000077
:1054C0000928CED3C4F8A852BDE8FC8100004242AE
:1054D000490000207407002010B500F00DF800F01E
:1054E0000BF800F009F8FFF7D5FE00F027F8BDE84B
:1054F0001040FFF7FDBE000010B50F4C0020C4F8AF
:10550000A802102004F52A7407F044F90120FFF7DF
:105510002DFE4220FFF72AFE0020FFF727FE002085
:10552000FFF724FE0020FFF721FE01202060BDE8E8
:105530001040102007F02EB90000424210B5144C64
:105540000020C4F8A802012004F52A74FFF70EFE1B
:105550004420FFF70BFE0020FFF708FE0120FFF7B5
:1055600005FE0320FFF702FE0020FFF7FFFD0020ED
:10557000FFF7FCFD0020FFF7F9FD0020FFF7F6FD27
:1055800001202060BDE81040102007F003B90000A2
:105590000000424270B52DED068BDFED8AAA9FED2B
:1055A0008AAA8A4CB0EE4A9A206841787F3900EE88
:1055B000101A0178F8EEC08AC1F17F0100EE101ACE
:1055C0008178F8EEC09AC1F17F0100EE101A80498F
:1055D000B8EEC08AB0EEE80A10EE102A9FED7D0A00
:1055E0008A4201DAF0EE408AF0EEE90A10EE902AE3
:1055F0008A4201DAF0EE409AF0EEC80A10EE902AE4
:105600008A4201DAB0EE408A73490978052904D04C
:1056100002291DD003291BD02FE0FDEEE80A10EE71
:10562000901A11BB0179407909B130B10DE060B138
:1056300000EE100AB8EE409A04E0484200EE100A6C
:10564000B8EEC09AF0EE6A8A17E0B0EE409A14E025
:10565000B0EEC80A10EE101A604A91420DDAC16825
:105660000F20884710B1B0EE6A8A06E02068C16852
:105670000D20884708B19FED5A8A88EEAA0A59483A
:10568000594A5A4BD0ED000A89EE0A1A20EE200A38
:1056900020EE011A89EEAA0A82ED001A60EE201AA5
:1056A00088EE2A0AC3ED001A9FED512A20EE020A65
:1056B0009FED502A50495148C0EE822A20EE220A1E
:1056C00081ED000A007810B3012820D006281ED0F2
:1056D000022808D0032811D005280FD004280DD0A7
:1056E00007280BD019E0F0EE000A20EE200AF2EEB7
:1056F000020A80EE202A81ED002A0EE0B5EEC01AE3
:10570000F1EE10FA03D2B1EE400A81ED000A20EE6C
:10571000200AC0EE020AC1ED000A9FED392A81EE8F
:10572000020AC1EE820A82ED000AC3ED000A91ED81
:10573000001AFCF74BFC3348344D3549B0F92200D0
:1057400000EE100AF8EEC00A9FED2F0A80EE808A64
:1057500095ED110A30EE480AB0EEC00A10EE100ABC
:10576000884229DD2B484068B0F57A7F24DD206827
:1057700082680AB310EE100A884201DA002019E0AC
:1057800010EE100A2449884201DD9FED240ADFED66
:10579000240A9FED241A30EE600A60EE0A0A80EEB9
:1057A000810AF6EE000A30EE200ABCEEC00A10EEC6
:1057B000100AC0B20021904785ED118ABDEC068B1E
:1057C00070BD00000000FE4200007F435001002039
:1057D0000000A041000000004C01002017B7D138A4
:1057E0000000FEC200020020280200202C0200203F
:1057F000DB0FC93F0000FA4330020020FD0100200A
:1058000000007A44F85E0020E1FAD04454020020FF
:10581000CDCCCC3D345D00209A99993F9A99993F1F
:10582000CDCCCC3DCDCC8C3F014908627047000007
:1058300000000E42044A0029116801D0014300E033
:10584000814311607047000030380240044A00294B
:10585000116801D0014300E08143116070470000EE
:1058600034380240044A0029116801D0014300E0A5
:10587000814311607047000040380240044A00290B
:10588000116801D0014300E08143116070470000BE
:1058900044380240044A0029116801D0014300E065
:1058A00081431160704700002438024070B5204BDE
:1058B0001968204C11F00C0104D06610042903D0A3
:1058C000082903D004601BE0066019E0184A121F83
:1058D0001168C1F38055116801F03F0115B1B6FBA5
:1058E000F1F101E0B4FBF1F114681268C4F388141B
:1058F0006143C2F30142521C5200B1FBF2F101605C
:1059000019680F2202EA11110B4A545C0168E14048
:1059100041601C68072505EA9424145D21FA04F40B
:1059200084601B6805EA5333D25CD140C16070BD0E
:10593000083802400024F4007801002005490022C4
:105940000A700A70012802D0042801D105200870CD
:1059500070470000703802400021022807D0032859
:105960000BD004280BD005280BD0002070474FF037
:105970008042506A516200B27047044A02E0044A11
:1059800000E0044A1068116000B27047240400402F
:1059900024080040240C0040014951F820007047C1
:1059A000000006082DE9F0414FF4FA66634B7710CA
:1059B00032463946186809F0EFFD614D18603246ED
:1059C0003946286809F0E8FD5E4C286032463946C1
:1059D000206809F0E1FD32465B4E206039463068B0
:1059E00009F0DAFD30602A6821681B686FF06304F3
:1059F000A2F2DC52A0F2DC50A1F2DC51A3F2DC53A3
:105A0000A24202DD642A00DA0022A04202DD6428FC
:105A100000DA0020A14202DD642900DA0021A3425D
:105A200002DD642B00DA002300EE101A474CB8EEBA
:105A3000C00AD4ED000A30EE800ABDEEC00A10EEB6
:105A4000101A002900DA00214FF4FA754A4392FB3C
:105A5000F5F24042484390FBF5F000EE102ADFEDEE
:105A60003E1A3B4CF8EEC00A00EE100A5842394D7F
:105A7000B8EEC01A00EE100A394AC4ED000AB8EEBA
:105A8000C00A384885ED001A20EE212ADFED331ACE
:105A900082EE210A82ED000A007870B101280CD054
:105AA00006280AD002280FD0032814D0052812D0C7
:105AB000042810D007280ED022E002EE101AB8EE0B
:105AC000C22A20EE020A17E0F0EE001A20EE210AA8
:105AD000F2EE021A10E0F5EEC00AF1EE10FA03D26F
:105AE000B1EE400A82ED000AB0EE402A00EE101A34
:105AF000B8EEC00A22EE000A80EE212A82ED002ACA
:105B00009FED190A1949C0EE801AC1EE000AC4EDD2
:105B1000001AC5ED000A887938B19FED150A401EBC
:105B200084ED000A82ED000A887192ED001A94ED6E
:105B3000000ABDE8F041FCF749BA000090000020DF
:105B400094000020980000209C000020000200200B
:105B5000280200202C020020DB0FC93F0000FA437E
:105B600030020020FD01002000007A445402002091
:105B700000000000104B10B5A3F120020024917A20
:105B80004C28585401D0002912D0491CC8B2907238
:105B900004280DD1947218784C2809D158784F28D0
:105BA00006D19878472803D1D878332801D054708B
:105BB00010BD0120507010BDE000002010B551EC68
:105BC000100B2DED068BB0EE439AF0EE629AB0EE1C
:105BD00042AAF0EE618AB0EE418AFAF75EFDBDEEB0
:105BE000CA0A154910EE102ABDEEE90A086081EDD7
:105BF000018A10EE103AC1ED058AC1E9022381ED58
:105C0000049A9900514300EE101A0C49B8EEC00AEC
:105C100081ED000A9FED0A0A0A4929EE000A81ED8A
:105C2000000A09490860094880ED008A0848C0ED6B
:105C3000008ABDEC068B10BD505D002034020020B0
:105C4000DB0F4940380200203C02002040020020C7
:105C50004402002010B5384C40F205100A212060A3
:105C60000920FDF749F9216890FBF1F03349C0B2F2
:105C70000728087001D907200870C0B29FED300ACC
:105C8000DFED302A9FED301A9FED303A082852D2CE
:105C9000DFE800F0040F182128313A45B0EE403A11
:105CA000F0EE411AB3EE0E2A9FED291A9FED290B53
:105CB0003DE09FED2A3AB3EE0E2ADFED291A9FED63
:105CC000290B34E0F0EE411AB3EE0E2A9FED271AAD
:105CD0009FED270B2BE0B3EE0E2AF0EE411A9FED5D
:105CE000260B24E0F0EE411AB3EE0E2A9FED241AA3
:105CF0009FED240B1BE09FED253AB3EE0E2AF0EE4C
:105D0000411A9FED230B12E0B0EE403AF0EE411A3B
:105D1000B3EE0E2A9FED201A9FED200B07E0F0EE68
:105D2000411A9FED201A9FED200BB3EE0E2ABDE81D
:105D30001040FFF743BF10BD20020020FD010020EE
:105D40009A99993D0000FA4300000000B81E853D75
:105D50007B14AE3D022B8716D9CEB73F8FC2753D5F
:105D6000643BDF3D0000000000000000BC74133EF7
:105D7000000000806ABCC43F00000040E17AC43FDC
:105D8000E926313E000000C09DEFC73FC520303DF1
:105D9000000000E07A14CE3FC1CAA13D713D0AD790
:105DA000A370BD3F9CC4203E000000205A64CB3F3E
:105DB00001214170002202704260027241724181F1
:105DC000704700000CB50022274900920192086834
:105DD00040F4803008604FF4A043086800F40030BD
:105DE00001900098401C0090019810B900989842CA
:105DF000F3D10868800334D5012001901A4840305F
:105E0000026842F0805202601848026842F4404240
:105E100002601548083002680260026842F40042DD
:105E20000260026842F4A0520260031F104A1A6026
:105E30000A6842F080720A600A689201FCD50D4936
:105E400040F205720A60016821F0030101600168F7
:105E500041F0020101600168C1F381010229FAD118
:105E60000CBD01920CBD00000038024000700040E3
:105E700008544007003C0240F0B5174E174F059DEF
:105E800044F29F14002803DA34602044386002E0B2
:105E90003C60201A30601248002903DA4463214430
:105EA000816302E08463611A41630E48002A03DAC9
:105EB00084631119416302E04463A11A8163002BDA
:105EC00003DA04641919C16302E0C463E11A0164CE
:105ED00005480560F0BD00003444014034480140ED
:105EE00000400140000001403818004000B5B0EE0D
:105EF000412AF0EE602AB0EE401A9FED4C0A4C4861
:105F0000007808B19FED4B0A4B48D0ED001ADFED49
:105F10004B0AB5EEC01AF1EE10FA02DD71EE801AEE
:105F20000EE0B5EEC01AF1EE10FA02D271EEC01A10
:105F300006E0B5EEC01AF1EE10FA03D161EEA01A38
:105F4000C0ED001A3C49F5EEC02AD1ED011AF1EE80
:105F500010FA02DD71EE801A0EE0F5EEC02AF1EEC5
:105F600010FA02D271EEC01A06E0F5EEC02AF1EE88
:105F700010FA03D161EEA01AC0ED011A2E49B5EE58
:105F8000C02AD1ED021AF1EE10FA02DD31EE800ADC
:105F90000EE0B5EEC02AF1EE10FA02D231EEC00AE0
:105FA00006E0B5EEC02AF1EE10FA03D121EEA00A08
:105FB00080ED020AB0EE410A06F012FCF0EE400A53
:105FC000B0EE410A06F00CFCF1EE401AB0EE601A99
:105FD00090ED000AF0EE610A09F0CEFA80ED000AB9
:105FE000B0EE620A06F0FCFBB0EE401AB0EE620AB8
:105FF00006F0F6FBF1EE400A90ED010A09F0BCFA5A
:1060000080ED010AB0EE420A06F0EAFBB0EE401A5B
:10601000B0EE420A06F0E4FBF1EE400A90ED020A0F
:1060200009F0AAFA80ED020A00BD00000AD7233C5D
:106030000C020020CDCC4C3DD85C00206666663F4B
:1060400070B50646D0F8800990B04021C469684612
:10605000FAF72BF980208DF8000001208DF801005F
:10606000237840226946304602F0BFFA0028F7D173
:10607000642001F0CEFC02258DF8015023784022E7
:106080006946304602F0B1FA0028F7D1642001F0E9
:10609000C0FC03208DF80100237840226946304679
:1060A00002F0A3FA0028F7D1642001F0B2FC8DF8C9
:1060B0000150237840226946304602F096FA0028C3
:1060C000F7D1642001F0A5FC04208DF801002378AD
:1060D00040226946304602F088FA0028F7D1642051
:1060E00001F097FC10B070BD4FF0E0210428086962
:1060F00003D020F004000861704740F00400FAE784
:1061000010B50AF0E1FB012803D0BDE810400AF009
:1061100075B810BD124810B5016841F470010160F6
:106120001048016841F0010101600E4A0021083267
:10613000116002680C4B1A400260031D0B4A1A6082
:10614000026822F48022026006480C300160FFF7EA
:1061500039FE03494FF000608039086010BD00002F
:1061600088ED00E000380240FFFFF6FE103000240A
:1061700070B5048C24F001040484058B048C4FF664
:10618000FF7606EA0313134325F0F3052B4324F0AF
:106190000A020A4342F001010383018470BDF0B595
:1061A000048C24F010040484078B068C4FF6FF74D3
:1061B00004EA011527F4734704EA0331394304EA7A
:1061C00002220A4326F0A001294341F01001028374
:1061D0000184F0BD2DE9F041884607468AB00121CF
:1061E0000220FFF727FB01214804FFF747FB1F4E62
:1061F000032208213046FCF73FFC02208DF8040002
:106200000024C0018DF80640012500908DF807504C
:1062100003208DF8050069463046FCF7F1FB144E6B
:10622000ADF808800397ADF81040ADF80A4002A918
:10623000304600F061FE6020ADF81400ADF8165055
:10624000ADF8204005A9304600F00AFD082130468F
:1062500000F03CFD0121304600F04AFC01213046AF
:1062600000F056FC0AB0BDE8F081000000040240D6
:10627000004401402DE9F041884607468AB00121DB
:106280000220FFF7D7FA01218804FFF7F7FA214E21
:10629000032209213046FCF7EFFB02208DF80400B1
:1062A000002400028DF80640012500908DF807506B
:1062B00003208DF8050069463046FCF7A1FB164E19
:1062C000ADF808800397ADF81040ADF80A4002A978
:1062D000304600F011FE6020ADF81400ADF8165005
:1062E000ADF8204005A9304600F0BAFC0821304640
:1062F00000F0ECFC0121304600F014FC0121304696
:1063000000F0F6FB0121304600F002FC0AB0BDE8C7
:10631000F081000000040240004801402DE9F041F6
:10632000884606468AB001214020FFF79BFA0121EA
:106330000220FFF77FFA02208DF818004FF440404A
:10634000059003208DF819000024264F8DF81A407F
:1063500001258DF81B5005A93846FCF751FB092291
:106360000E213846FCF788FB09220F213846FCF73E
:1063700083FB08961C4EADF81C80ADF82440ADF8A8
:106380001E4007A9304600F0B7FD6020ADF80000C0
:10639000ADF802500294ADF80C40ADF810406946DB
:1063A000304600F05DFC6946304600F095FC08215F
:1063B000304600F08BFC0821304600F0D7FC01216C
:1063C000304600F0AFFB0121304600F0A1FB06494A
:1063D00040F2DC5038310860091F08600AB0BDE89F
:1063E000F081000000040240001800402DE9F04157
:1063F0008846074601218AB00846FFF73FFA012187
:106400001020FFF717FA354E012209213046FCF71C
:1064100033FB01220B213046FCF72EFB01220D211C
:106420003046FCF729FB01220E213046FCF724FB05
:106430004FF4D440059002208DF8180003208DF809
:10644000190000248DF81A4001258DF81B5005A96C
:106450003046FCF7D5FA224EADF81C800897ADF80F
:106460002450ADF81E4007A9304600F045FD6020DD
:10647000ADF80000ADF80250ADF80C40694630466A
:1064800000F0EEFB6946304600F026FC69463046D7
:1064900000F076FC6946304600F0C0FC0121304631
:1064A00000F040FB0821304600F010FC0821304687
:1064B00000F05CFC0821304600F0AAFC08213046C0
:1064C00000F0E6FC0121304600F012FB01213046CD
:1064D00000F01EFB0AB0BDE8F08100000010024091
:1064E000000001404FF08040018A018A21F0010143
:1064F0000182704703480188018821F00101018071
:10650000704700001004004003480188018821F012
:106510000101018070470000100800400348018815
:10652000018821F00101018070470000100C00403B
:1065300003480188018821F00101018070470000B3
:10654000101800402DE9F0479F480024C169B1F5BB
:10655000C86F13DD9D490A7882B99D4A5268B2F529
:106560007A7F0BDB01220A709A490C709A490C70F1
:106570009A490C709A490C709A490C7080460078C0
:10658000994D000642F20F764FF4FA7735D4022186
:10659000284600F0F3FA80B30221284600F0B5FA4D
:1065A00098F800004006284645D500F0DFFA80B292
:1065B000A8F80A00B8F808204146904201D28E633C
:1065C00000E08C63801A8A6B104488618A6A801AA2
:1065D00000D54042B84207DD0879401CC0B20871BE
:1065E000052801D88A6100E00C718869886288F802
:1065F00000400021284600F063FB98F801000006E7
:1066000043D40421284600F0B9FAA0B30421284657
:1066100000F07BFA98F801004006284653D500F0B8
:10662000A7FA80B2A8F80E00B8F80C1042468842CB
:106630000ED2D6630DE000F099FA0146A8F80810D2
:1066400098F8001041F0400188F800100221D1E7CD
:10665000D463401AD16B0844D061D16A401A00D586
:106660004042B84208DD5079401CC0B25071052844
:1066700002D8D16101E008E05471D069D06288F895
:1066800001400021284600F067FB98F80200000650
:1066900043D40821284600F071FAA0B30821284607
:1066A00000F033FA98F802004006284654D500F06E
:1066B00061FA80B2A8F81200B8F810104246884279
:1066C0000ED216640DE000F053FA0146A8F80C1043
:1066D00098F8011041F0400188F801100221D1E73B
:1066E0001464401A116C08441062116B401A00D5F2
:1066F0004042B84208DD9079401CC0B29071052834
:1067000002D8116201E008E09471106A106388F801
:1067100002400021284600F071FB98F80300C146B2
:1067200000064FD41021284600F028FA002849D04E
:106730001021A846284600F0E8F999F803004D46D4
:10674000400633D5404600F017FA80B2E882A98AA5
:1067500088420ED26E640DE000F00CFA0146A8F8F3
:10676000101098F8021041F0400188F80210022140
:10677000D0E76C64401A696C08446862696B401A1F
:1067800000D54042B84207DDE879401CC0B2E8714C
:10679000052801D8696200E0EC71686A6863EC70F2
:1067A00000214046BDE8F04700F068BB4446404643
:1067B00000F0E2F9A882E878022140F04000E87099
:1067C0002046EFE7BDE8F087780000200E020020A9
:1067D000345D00200D0200200C0200200F0200207A
:1067E0004802002049020020000401402DE9F04148
:1067F000884605468AB001210220FFF73FF80121B3
:106800000420FFF717F84FF47070022603908DF8FC
:10681000106003208DF811000024414F8DF81240C4
:106820008DF8136003A93846FCF7EAF80322062125
:106830003846FCF721F9032207213846FCF71CF9FA
:10684000032208213846FCF717F9032209213846AC
:10685000FCF712F9334FADF814800695ADF81C40E3
:10686000ADF8164005A9384600F046FB01250F207B
:10687000ADF80040ADF80450ADF80800ADF80240A6
:10688000ADF806406946384600F084F90420ADF8BA
:106890000000ADF80450ADF80240ADF80640ADF888
:1068A00008406946384600F075F90820ADF8000048
:1068B000ADF80450ADF80240ADF80640ADF8084020
:1068C0006946384600F066F90C20ADF80000ADF8D6
:1068D0000450ADF80240ADF80640ADF808406946F6
:1068E000384600F057F92E208DF820008DF82160F1
:1068F0008DF822608DF8235008A8FEF7EFF80122EA
:106900001E21384600F0A4F90121384600F00AF9AA
:106910000121384600F0FCF80AB0BDE8F081000023
:1069200000080240000401402DE9F0418846064677
:106930008AB001210220FEF7A1FF01210420FEF709
:1069400079FF02208DF818004FF470700590032035
:106950008DF819000024324F8DF81A4001258DF86A
:106960001B5005A93846FCF74BF803220621384690
:10697000FCF782F8032207213846FCF77DF8032252
:1069800008213846FCF778F8032209213846FCF73D
:1069900073F80896234EADF81C80ADF82440ADF88E
:1069A0001E4007A9304600F0A7FA6020ADF80000AD
:1069B000ADF802500294ADF80C40ADF810406946B5
:1069C000304600F04DF96946304600F085F96946D9
:1069D000304600F0D5F96946304600F01FFA08212C
:1069E000304600F073F90821304600F0BFF9082165
:1069F000304600F00DFA0821304600F049FA002236
:106A00001E21304600F024F90121304600F08AF8BA
:106A10000121304600F07CF80AB0BDE8F0810000AA
:106A200000080240000401400248018821F00101F1
:106A300001807047100401402DE9F04389468046EB
:106A400001218BB00804FEF719FF01211020FEF789
:106A5000F1FE254F032205213846FCF70DF80322ED
:106A600006213846FCF708F802208DF818000320AC
:106A70008DF81900002460268DF81A40012505962E
:106A80008DF81B5005A93846FBF7BAFF174FADF834
:106A90001C90CDF82080ADF82440ADF81E4007A929
:106AA000384600F029FAADF80060ADF80250ADF8B4
:106AB0000C406946384600F0D3F86946384600F085
:106AC0000BF90821384600F001F90821384600F09A
:106AD0004DF90121384600F00BF80121384600F04D
:106AE00017F80BB0BDE8F0830010024000400140F1
:106AF0000029018802D041F0800101E021F08001ED
:106B000001807047C94301827047C94301827047C1
:106B10000029018802D041F0010101E021F00101CA
:106B200001807047002930F8441F02D041F4004131
:106B300001E0C1F30E010180704770B50589048B37
:106B4000068C25F007050D434FF6FC410C4040F242
:106B500001110C434FF6FF7101EA031126F02206E2
:106B60001143314305810483018470BD406B70473C
:106B7000806B7047C06B7047006C70470246002006
:106B8000138A92890B4202EA010202D0002A00D045
:106B9000012070472DE9F0410C460E884988A288F3
:106BA0002389054616B3042E28D0082E2E8C4FF6C6
:106BB000FF702BD026F480562E84AF8B2E8C00EAEB
:106BC000022200EA013127F473473A4300EA033016
:106BD000104326F420420A4342F48051A8832984BA
:106BE000E1882846BDE8F04100F07AB9FFF7C0FA25
:106BF000E1882846BDE8F04100F056B9FFF7CFFA2A
:106C0000E1882846BDE8F04100F056B926F48076C8
:106C10002E84AF8B2E8C00EA012100EA0310104372
:106C200027F0F307384326F420620A4342F48071C8
:106C3000A8832984E1882846BDE8F04100F048B9DE
:106C400000210180418001228280C1800181704742
:106C5000002A828901D00A4300E08A43828170477A
:106C600030B5028C22F001020284028C8388048BEE
:106C700022F0020224F073050C882C438D89154301
:106C80004A882A430C4DA84202D00C4DA8420DD18F
:106C900022F00805CA8923F440732A4322F0040530
:106CA0008A882A430D8A1D434B8A2B4383800483A1
:106CB00089684163028430BD000001400004014046
:106CC000028C22F002020A4302847047028B22F0F7
:106CD00008020A430283704770B5028C22F010024A
:106CE0000284028C8388048B0D8824F4E6464FF6D8
:106CF000FF7404EA052535438E8922F0200204EA58
:106D0000061616434A8804EA02123243104EB04275
:106D100002D0104EB04215D122F08006CA8923F469
:106D2000406304EA0212324322F040068A8804EAF1
:106D3000021232430E8A04EA86061E434B8A04EA94
:106D4000830333438380058389688163028470BD34
:106D50000000014000040140028C4FF6FF7322F056
:106D6000200203EA0111114301847047028B4FF6A0
:106D7000FF7322F4006203EA01211143018370478B
:106D800070B5028C22F480720284028C8388848B1A
:106D90000D8824F0730425438E894FF6FF7422F486
:106DA000007204EA062616434A8804EA02223243A5
:106DB000104EB04202D0104EB04215D122F40066FF
:106DC000CA8923F4405304EA0222324322F4806643
:106DD0008A8804EA022232430E8A04EA06161E4317
:106DE0004B8A04EA03133343838085838968C16334
:106DF000028470BD0000014000040140028C4FF687
:106E0000FF7322F4007203EA0121114301847047E9
:106E1000828B22F008020A438283704770B5028C8D
:106E200022F480520284058C8288838B0C8823F4A0
:106E3000E6464FF6FF7303EA0424344325F4005674
:106E40008D8903EA053535434E8803EA06362E431D
:106E5000084DA84202D0084DA84205D122F4804531
:106E60000A8A03EA82122A43828084838968016441
:106E7000068470BD0000014000040140028C4FF602
:106E8000FF7322F4005203EA013111430184704779
:106E9000828B4FF6FF7322F4006203EA0121114353
:106EA0008183704741627047028B22F00C0202839B
:106EB000028B0A4302837047028B22F440620283F2
:106EC000028B4FF6FF7303EA01210A4302837047E6
:106ED000828B22F00C028283828B0A43828370476A
:106EE000828B22F440628283828B4FF6FF7303EA27
:106EF00001210A438283704730B50288164C174D32
:106F0000A0420DD0A8420BD0B0F1804F08D0144B56
:106F1000984205D0134B984202D0134B984203D1AC
:106F200022F070034A881A43104B984206D0104B47
:106F3000984203D022F440730A891A4302804A68B7
:106F4000C2620A880285A04201D0A84201D1897A92
:106F500001860121818230BD000001400004014012
:106F60000004004000080040000C004000100040F9
:106F7000001400404FF0FF31416000210180018189
:106F800041808172704700000A2809DB0C48D0F864
:106F90000C0228B10B480078012801D0002070476E
:106FA000094A012000211160084A1160084A516312
:106FB0009163084A916351631164D1637047000083
:106FC00000804142FC01002034440140344801402B
:106FD000004001400000014070B52D4C40F22551A9
:106FE000204600F0EFFB00284BD0204600F078FC54
:106FF000C1B228484068B0F57A7F42DB274A264C68
:107000000025107C7B29215400D0D0B3401CC0B295
:1070100010740B2835D11574A07A7D2831D1002148
:107020000920FAF793FD617A88422AD11C4805703D
:107030001C4805701C4805701C4805701C480570EC
:107040001C4805702179E07802F048FE1A4D85ED64
:10705000000AA179607902F041FE184880ED000A2B
:10706000217AE07902F03AFE1548164EF0EE400A19
:107070000078022807D0217AE07902F02FFE86ED11
:10708000000A002070BD95ED000A02F0B5FBF6E79E
:1070900000500040345D0020F0080020C0000020B7
:1070A0000C0200200E0200200D0200200F02002022
:1070B000490200209C020020280200202C0200200F
:1070C000FD0100203002002070B5324D40F2255104
:1070D000284600F077FB002855D0002401262846DA
:1070E00000F0FEFBC1B22C484068B0F57A7F4ADB65
:1070F0002B4B2A4D0022D8787B29295400D0E8B3A5
:10710000401CC0B2D8700B283DD1DA70A87A7D2817
:1071100039D10020295C401C4C400928FADB687AF0
:10712000A04200D056BB1F48017849B90121017027
:107130001D4802701D4802701D4802701D480270F3
:107140001D4802702979E87802F0C8FD1B4C84EDD7
:10715000000AA979687902F0C1FD194880ED000A9A
:10716000297AE87902F0BAFD1648174EF0EE400A87
:107170000078022809D0297AE87900E003E002F0DB
:10718000ADFD86ED000A002070BD94ED000A02F00E
:1071900033FBF6E700100140345D0020800800203A
:1071A000C0000020480200200D0200200C02002038
:1071B0000E0200200F0200209C0200202802002066
:1071C0002C020020FD0100203002002000B50C4BF5
:1071D0000022985C08F058FB521CD2B2182AF8D34F
:1071E00008480078012809D1054B00225233985CE9
:1071F00008F04AFB521CD2B2082AF8D300BD0000A6
:10720000BE080020180200202DE9F04140F225516F
:107210002DED048B904800F0D5FA00281DD08E4843
:10722000001D0488E0B2F9F7FFFD0546E0B2F9F76A
:107230007FFD284410F0FF0F0FD1E0B202F0B4FE42
:10724000E0B2FEF797FC85484068B0F57A7F04DB32
:107250008348006810B1012878D0F7E001200026AB
:10726000804D412C10D1A97B41290DD17E490A784E
:1072700052B97E4A16707E4A167008707D490E70AB
:107280007D490E707D490E70E2B27D497D4FDFF879
:10729000F8C17E4BAA734B2C08D0492C08D04A2C3D
:1072A00006D01B782BB1012B0BD01EE018700CE020
:1072B0001E70A4F14103072B28D9082C14DC0A7096
:1072C00013E0432C09D0472C0BD03E708CF80060A3
:1072D000412C1BD0452C19D006E03E708CF80000E4
:1072E00002E038708CF800600E709FED690A694BFF
:1072F0009FED699A694F582C0CD0592C0FD07B2CDC
:1073000014D07D2C14D0622C15D019E0A4F14003C8
:107310000B70EAE7D7ED000A30EE800A03E0D7ED04
:10732000000A30EEC00A87ED000A09E0E87210E0BA
:107330000221E97212E05A4C217841B100212170FA
:10734000E97A012905D0022908D069E072E001211B
:10735000F5E7287B1A54401C287361E0D97850293E
:1073600008D0572909D05878232850D0287B687333
:1073700098462CE04B49087049E0A87047E0297B0B
:10738000081AF9F73AF941EC110B9FED470B02F09F
:10739000D3FF6C7BB0EE408A08EB0400F0EE608A0D
:1073A00010F8010C3038F9F728F953EC182BF9F7DD
:1073B00043F841EC180B686AF9F75CF953EC182BA9
:1073C000F8F793FFF9F769F9641E68626C73687BDC
:1073D0000428D4D298F801003038042817D2DFE806
:1073E00000F002070B0F95ED090A87ED000A0EE089
:1073F00095ED090A2E4808E095ED090A2D4804E0AC
:1074000095ED090A2C48BCEEC00A80ED000AEE7228
:107410002E736E7385ED099A32211E48F8F745FFE9
:1074200097ED000AB5EEC00AF1EE10FA0ED287ED24
:10743000009A0BE0A4F141012048072903D8403C01
:1074400080F82C4002E0092180F82C100020BDECCF
:10745000048BBDE8F081000000440040345D002052
:1074600014020020C00000200D0200200C020020A9
:107470000E0200200F0200204802002049020020D6
:10748000100200204A0200204B0200204C02002083
:107490000000C8428B08002000000000000200200D
:1074A000050100204D0200200000000000002440E3
:1074B000040200200802002064020020285F00204F
:1074C0002DE9F041764C40F22551204600F07AF942
:1074D00000280FD0204600F003FA7249C0B2496874
:1074E000B1F57A7F06DB704900260124096811B1E5
:1074F00001297CD0D1E06E4D6C4F7B28E97B78541C
:1075000001D00029F6D0491CC8B2E8730B28F1D18C
:10751000EE73B87A7D28EDD100210920FAF716FB29
:107520007A7A9042E6D138467978624A624F49B118
:107530000646012938D0022936D003295FD0FF2919
:1075400074D0AAE05D49167004460E705C490E7056
:107550005C490E705C490E705C490E705C490E709F
:107560005C490E700179C07802F0B8FB5A4D85ED88
:10757000000AA179607902F0B1FB584880ED000A59
:10758000217AE07902F0AAFB3878554CF0EE400AF7
:10759000022802D0C4ED000A7FE095ED000A02F057
:1075A0002BF984ED000A78E01470012904D14D48CC
:1075B000007808B94C4804703179F07802F08EFBFD
:1075C0004A4C84ED000AB179707902F087FB484893
:1075D00080ED000A317AF07902F080FB3878454D71
:1075E000F0EE400A022803D0C5ED000A55E043E062
:1075F00094ED000A02F000F985ED000A4DE03179C2
:10760000F07802F06BFB3C4880ED000AB1797079AC
:1076100002F064FB394880ED000A317AF07902F01B
:107620005DFB374880ED000A37E0FFE7F3783279F9
:1076300071791F4E80791C363778BB4216D1777826
:10764000BA4213D1B778B94210D1F778B8420DD108
:10765000EE8A761CB6B2EE82322E1ED3144E183647
:1076600033707270B170F0702C7016E0EC82337071
:107670007270B170F07010E0224A232802F12E01DE
:1076800092F86030585404D192F86000465482F861
:107690002D4012F8600F401C10700020BDE8F081F2
:1076A00000480040345D002014020020F008002053
:1076B000C000002005010020FD0100200C02002078
:1076C0000E0200200D0200200F02002048020020C0
:1076D000490200209C020020280200202C020020E9
:1076E00030020020190100200401002028010020A0
:1076F0002C010020300100200C010020100100208E
:1077000014010020285F002000B50022094B05E08D
:10771000981890F82E0008F0BFF8521C93F86000FB
:107720009042F5DC0D2008F0B7F80A205DF804EB74
:1077300008F0B2B8285F002000B50C4B0022985C1E
:1077400008F0AAF8521CD2B2182AF8D308480078D8
:10775000012809D1054B00225233985C08F09CF8AF
:10776000521CD2B2082AF8D300BD0000BE08002087
:107770001802002000B50C4B0022985C08F096F827
:10778000521CD2B2182AF8D308480078012809D12F
:10779000054B00225233985C08F088F8521CD2B294
:1077A000082AF8D300BD0000BE08002018020020FF
:1077B0000029818902D041F4005101E021F40051F7
:1077C0008181704770B501F01F0501260024C1F3C7
:1077D000421306FA05F2012B0FD0022B0FD0838A39
:1077E0004FEA11210088134206FA01F600EA06006A
:1077F00001D000B10124204670BD8389F0E7038ADF
:10780000EEE710B5C1F3421301F01F040121A140BE
:10781000012B07D0022B07D01430002A026805D0B4
:107820000A4304E00C30F8E71030F6E78A430260C0
:1078300010BD00007FB50446008A0D46C98820F4BB
:10784000405001432182A08941F20C618843A988FC
:107850002A8911436A8902431143A181A08A20F435
:107860004071A8890843A0826846FEF71FF81A48AD
:10787000844202D01948844201D1039800E0029862
:10788000A189090400EBC00101EB0010296801D5B2
:10789000490000E08900B0FBF1F06422B0FBF2F196
:1078A00009010B096FF018056B4300EB8300A389F6
:1078B0001D044FF0320306D503EBC000B0FBF2F01D
:1078C00000F0070005E003EB0010B0FBF2F000F061
:1078D0000F00084320817FBD0010014000140140CB
:1078E0008088C0F30800704730B5034600224FF689
:1078F000FF7403EB8205B5F888592D0404D5521C9A
:10790000D2B2102AF5D32246A24207D002F00F03CA
:1079100000EB830041F40041C0F88819D0B230BDBB
:1079200010B500F073FE002010BD8278012A07D147
:107930000222027401224274002242828182C282A7
:107940000022114600F011B87FB5002401250DF189
:10795000040C00958CE816001E4623462A46314644
:1079600000F048FF04B0002070BD2DE9F04104464E
:10797000012580782E464FF0030804F6E41701280D
:1079800002D002281ED105E0A160A2812676022045
:10799000A0700EE0204600F00DFC050004D0032D81
:1079A00002D0022D04D004E0A6700020207600E072
:1079B000A670C4F8E48900231A463946D4F8DC09D5
:1079C00006F0E2FC2846BDE8F0817FB51D460C4676
:1079D00090F81D39089903B100210123CDE9003445
:1079E000CDE9022100231A46294600F003FF04B026
:1079F000002070BD7FB500230824CDE90031154675
:107A0000CDE902431A46294600F0F4FE04B00020F6
:107A100070BD04F0A3BE70B50546002005F638150C
:107A200000EB800404EBC00405EB4404E67B0A345D
:107A30008E4201D0FF2909D1A679964201D0FF2AB2
:107A400004D1E4799C4206D0FF2B04D0401CC0B284
:107A50000228E5D3FF2070BD102907D200EB81007A
:107A6000B0F88819C1F30E01C0F8881900207047DA
:107A700030B40C4685780299012D0FD144F0800472
:107A800004740624447403244282B4EB122F02D1FE
:107A900040F2094200E000228282C1820A4630BCE4
:107AA0001946FFF762BF0A8803781A440A800178F2
:107AB00008447047F8B50C46064600F11C05B1F5C0
:107AC000807F01D90320F8BD2B464FF400720021BE
:107AD00030460094FFF7CCFF0028F4D12246294617
:107AE0003046BDE8F84000F0A0BEF8B50C460546AB
:107AF000B1F5006F01D90320F8BD05F58E731E4660
:107B00004FF48072002128460094FFF7B1FF00284F
:107B1000F2D1224631462846BDE8F84000F02ABF9F
:107B2000F8B51E461446B3F5006F17D8B4B141F44A
:107B3000407200F58E731D4600210096FFF798FFF6
:107B400000280CD16978032909D129788A1EB2420C
:107B500000D816460021B2B2AD1C06E00320F8BDE5
:107B60006B5C891C04F8013B89B29142F8D3002177
:107B70002170F8BD01004FF0000004D0012901D0B0
:107B8000022901D00220704701207047F8B5054650
:107B9000D0F880090126C4696079062851D2DFE84F
:107BA00000F003502D03354005F11C00ED8B092D2D
:107BB0000DD90921ADF8001005E06946FFF773FF04
:107BC0004178212905D0BDF80010A942F5D3022043
:107BD0001AE0017884F82610417884F8271041884B
:107BE0002185017984F82A10417984F82B10817954
:107BF00084F82C10B0F80700E085E8E7E18D28460E
:107C000000F0C8F890B9042060711AE00022114613
:107C1000284600F0B2FA052108B1032811D161719C
:107C20000FE00021284600F0B5FA10B1032807D074
:107C300007E001206071D5F8D82902212846904735
:107C400000263046F8BD000010B500F0B5F90F4829
:107C50000068017C012918D10D490A78002A14D145
:107C60000C4A5268B2F57A7F0FDB407896280CD91F
:107C70000120087008490020087008490870084968
:107C80000870084908700849087010BD50010020AC
:107C90000C020020345D00200E0200200D020020A6
:107CA0000F020020480200204902002000238380A8
:107CB000C380837202810160704770B5837A0025AA
:107CC000BBB901238372002311E0C4888688B442C3
:107CD00012D00668345D01F8014BC488641CA4B25C
:107CE000C4800689B44200D1C5805B1C9BB293421C
:107CF000EBD38572104670BD8572184670BDF0B525
:107D0000837A0027F3B901238372002318E0848863
:107D1000C5882646641CAC4217D0B0F808C064453C
:107D200000D195B1056811F8014BAC558488641CED
:107D3000A4B284800589AC4200D187805B1C9BB2D1
:107D40009342E4D387721046F0BD87721846F0BDA7
:107D500010B50446D0F88009C069018B802901D98B
:107D600080210183094941614FF4A06204F58E71BD
:107D70000830FFF79BFF01F009F905480078062855
:107D800002D12046FEF75CF9002010BDB86D00203E
:107D90004C01002008B5B1F5006F01D9032008BDE2
:107DA000009100F58E734FF408520121FFF760FE39
:107DB00008BD30B41446A125029A05740125457406
:107DC00044EA0121418200218182C28230BC1946ED
:107DD000FFF7CBBD70B50546D0F880090026C46911
:107DE000617839B12846FFF79BFD61782846FFF797
:107DF00033FE6670217839B12846FFF791FD21786E
:107E00002846FFF729FE2670D5F88009C06920B101
:107E100004F0FAFCD5F88009C66101F0C3F800202F
:107E200070BD00002DE9FE4FFF23054600261A46CF
:107E30001946FFF7F0FD0746FF285AD0022F58D207
:107E40000146284600F085FFF0BB342004F044FFD3
:107E5000D5F880190446C86120004AD03421F8F7CB
:107E600024FA0720A070B5F83009DFF82C814B49BF
:107E7000DFF82CA1DFF82CB14FF0030901283BD02B
:107E8000062843D0A0F500718E3943D1B5F82E09EC
:107E9000A0F580615E393DD143A14548F8F717FA56
:107EA00098B3042188F800104249CAF80010002055
:107EB000C4F830B0A070607107EB870000EBC7001A
:107EC00005EB4000804600E013E090F84E19A176E3
:107ED000B0F85019218390F85209A0830A2801D2E2
:107EE0000A20A08398F84609022800D90220824679
:107EF0004EE00220BDE8FE8FB5F82E09B0F5016F07
:107F000008D1022288F80020CFE70AE0B5F82E0950
:107F1000792803D0002088F80000EAE788F800906C
:107F2000C3E70521BEE708EBC60797F84E19080618
:107F300014D521712846FFF7D7FC6070B7F85019A7
:107F400095F81D390291CDE90039014695F81C39A3
:107F50002279284600F05FFC617813E0E170284642
:107F6000FFF7C2FC2070B7F8501995F81D3902913F
:107F7000CDE90039014695F81C39E278284600F031
:107F80004AFC21780022284600F013FC761CF6B249
:107F90005645C8D30020ADE74C010020480300201F
:107FA00050010020517D0008466C796469676900C2
:107FB000546D00203003002070B50546D0F88009CC
:107FC000184EC469307858B3228B4AB3A06838B3CE
:107FD000154904F10800FFF770FE218B88421FD17C
:107FE000124A012010703078052806D0042804D0E9
:107FF000022808D003280CD010E0CAB20A4928464B
:1080000001F076FF0AE0CAB20749284601F08CFC6D
:1080100004E0CAB20449284601F064FD002070BDA6
:10802000022070BD4C010020B86D00204D010020E1
:108030002DE9F84F0546D0F8800900260227C469CB
:108040004FF004094FF00108A1784FF0070A05F638
:10805000E41B072970D2DFE801F004156F6F383197
:108060004700216B2846884706001BD184F8028010
:10807000C5F8E47900231A465946D5F8DC0906F01C
:1080800083F959E0207E009000220121284663698F
:10809000FFF78FFE06004FF0050007D0012E07D036
:1080A000032E08D084F802A00226E1E7A070DFE7E3
:1080B00084F8028000E0A0700026D9E7D5F8C8094E
:1080C000C007D5D084F80290D2E76378227E284694
:1080D000616900F079FA0620A070D5F8C80920621D
:1080E000002084F8240027E06178284600F0E9FAAF
:1080F00001286178284604D000F0E3FA052814D05E
:108100001AE000F0C9FA94F82410A9B9A0B1A06847
:1081100090B1228B04F108006169FFF7F0FD84F84B
:1081200024802846FFF790FDA2E7A17E2846FFF7AE
:10813000FCFB08B984F802903046BDE8F88F10B512
:10814000D0F88019C9698A78062A14D1D0F8C829CC
:108150000B6AD21A8B8B9A420DD304228A700221A9
:10816000C0F8E419D0F8DC49002300F6E4111A46FF
:10817000204606F009F9002010BD212303740A23CC
:10818000437442EA0121418200218182C1820A4670
:10819000FFF7EBBB212202740B224274002209B1CB
:1081A000428201E0012141828282C2820022114684
:1081B000FFF7DBBB2DE9F84F027E044601250B27B4
:1081C00000F6E410032629464FF009084FF007098E
:1081D0004FF0050A4FF00D0B00900C2A19D2DFE882
:1081E00002F0BC060E2F3B4551646F7E8AA2627975
:1081F00004F110012046FFF7FDFB02202AE061791F
:10820000204600F05EFA012804D0042816D0022887
:1082100014D0A2E0207CE18A00F0800031B18028F7
:1082200001D1267675E084F818A072E0802802D18A
:1082300084F818806DE084F818906AE0277668E08A
:10824000D4F8C809E0812379A2892046A168FFF704
:108250007BFB0420207680E02179204600F031FA73
:108260000128E5D005284ED1032552E0009163791D
:10827000A2892046A168FFF7A8FBD4F8C809E081CD
:108280000620E7E76179204600F01BFA0128D2D0EA
:10829000052804D00228C6D0042803D05DE00C20B5
:1082A0002076E1E72776022533E000222379114684
:1082B0002046FFF749FBD4F8C809E0810820C9E748
:1082C0002179204600F0FDF9012804D00428B5D01A
:1082D0000528C9D041E084F818B0002519E00091C4
:1082E0000022637911462046FFF76FFBD4F8C809D6
:1082F000E0810A20AEE76179204600F0E2F901282A
:1083000004D0022894D0042898D026E0002584F8D0
:1083100018B0C4F8E46900231A46D4F8DC090099BF
:1083200006F032F819E0607E401CC0B26076022888
:1083300002D82176A17010E0D4F8D8290621204671
:1083400090470025657661792046FFF785FB217906
:108350002046FFF781FB257002252846BDE8F88FEF
:108360002DE9FE4F01264178002505270446B14638
:108370004FF00D0800F6E41B00F58E7A08294ED266
:10838000DFE801F0043C4E7B8399ACC640212046D7
:10839000FFF7ABFBA0B103281FD069490868401C58
:1083A0000860B0F5FA7F3AD3BFF34F8F654908688C
:1083B000654A00F4E06010430860BFF34F8FFEE7AA
:1083C00094F82D09A07184F8019094F81D1900917A
:1083D000CDE9015094F81C3938E094F81E09401C8E
:1083E000C0B284F81E09032817D861792046FFF728
:1083F00033FB21792046FFF72FFB5AE0122120465C
:10840000FFF773FBA8BB02203DE094F81E09401C57
:10841000C0B284F81E09032842D984F800808CE099
:108420000121204600F0A0FC10B1032822D084E0F6
:108430000220FFF7EEFA84F81C9903206070A079FF
:1084400094F81D19CDE900154B4602902179802240
:10845000204600F0E0F9A07994F81D190091CDE9CB
:10846000015094F81C3961790022204600F0D3F9BC
:1084700063E010E084F800803DE009212046FFF72A
:1084800019FB40B90420607057E0B4F83A1920464F
:10849000FFF710FB10B10328B7D04EE067704CE037
:1084A00061792046FFF7D8FA21792046FFF7D4FA00
:1084B0006570257041E094F834190625E9B1FF2371
:1084C00052462046FFF72CFB90B95046F7F7F8FECE
:1084D000024651461D48F7F7CFFE0EE094F83519D5
:1084E000072551B1FF2352462046FFF719FB10B173
:1084F000032802D021E065701FE06570C4F8E479BC
:1085000000231A465946D4F8DC0905F03DFF14E073
:1085100094F8361981B1FF2352462046FFF700FB3D
:1085200010B1032808D008E05046F7F7C9FE02460C
:1085300051460748F7F7A0FE00263046BDE8FE8FFB
:10854000DC0200200CED00E00400FA05546D002070
:10855000386E00207CB50E4604002BD084F8D0295C
:108560000025C4F88059C4F8845904F51264F9F759
:10857000EFFCE57025706570A570A4F512640EB16E
:10858000C4F8D86900220421102007F04DFEC4F879
:10859000DC0904F51E611820CDE900014FF480626A
:1085A000234605A1074808F063F9204600F09CF82F
:1085B00000207CBD02207CBD555342485F5175654B
:1085C000756500000B8D00087FB501250DF1040CC9
:1085D000002400958CE816001E4603232A463146E7
:1085E00000F008F904B0002070BD7FB501250DF141
:1085F000040C002400958CE816001E460323224636
:10860000314600F0F7F804B0002070BD10B5D0F886
:10861000D409FAF7E4FCBDE81040FFF7ABBA10B597
:10862000012280F82029002180F8211980F82219E0
:10863000C0F8E4290B460A46D0F8DC4900F6E411FC
:10864000204605F0A1FE002010BD70B501250446AE
:1086500080F82159002084F8200984F82309204655
:1086600000F0BFF821792046FFF7F6F9617920463E
:10867000FFF7F2F9C4F8E45900231A4604F6E411AE
:10868000D4F8DC0905F080FE002070BD10B5C820CC
:1086900004F064F8002010BDD0F8D409FAF799BCB2
:1086A00010B50124D0F8D409FAF77DFC20B10128D7
:1086B00005D0022803D101E0002400E00224204676
:1086C00010BDD0F8D409FAF77DBCD0F8C819491C00
:1086D000C0F8C81901780B2905D1D0F880190029F4
:1086E00001D089690847704710B5044690F8D00951
:1086F00001281CD10F484FF0A0410222C0F8DC43F2
:10870000C4F8D4090160082141710121C17100211F
:10871000817142728172FAF7B3FD08B1FAF7C0F8BD
:108720000448FAF73DFC0146204600F03FF80020DF
:1087300010BD00008C5F002010B50121C0F8E419C5
:10874000D0F8DC49002300F6E4111A46204605F073
:108750001BFE002010BDFEB508AF97E870008DE845
:108760007000D0F8D409FAF74CFCBDE8FE40FFF7E2
:1087700001BA002180F823197047012130B480F834
:108780002319C0F8E419D0F8DC4900F6E4112046BA
:10879000002330BC1A4605F0F7BD10B5D0F8D40957
:1087A000FAF7E4FDBDE81040FFF7E4B9C0F8C819D6
:1087B0007047D0F8D409C1EB011100EB8100C17DF5
:1087C00011B180F83C2001E080F83D200020704786
:1087D00010B5D0F8D409FAF7D0FDBDE81040FFF786
:1087E000C9B910B5D0F8D409FAF7DDFDBDE81040DD
:1087F000FFF7C0B92DE9FF410DF1280898E8F00016
:108800008DE8F000D0F8D409FAF74DFC04B0BDE8CB
:10881000F041FFF7AFB9FEB508AF97E870008DE8FB
:108820007000FFF798FF0020FEBD2DE9F74F82B0E2
:108830004FF0000B029ED84606F63816F9B10878BC
:1088400030704878707048880C46FF2801D94FF482
:108850008070708008793071487970718879B07152
:10886000C879F071207A307231780920092900D056
:108870003070092A7CD98246ADF8000061E0022000
:1088800005B0BDE8F08F69462046FFF70CF90446B5
:108890004078042852D12078092801D084F800A01B
:1088A00008EB880101EBC80006EB4009207889F845
:1088B0000A00607889F80B00A07889F80C00E0784D
:1088C00089F80D00207909F10A05022800D3022059
:1088D000287161796971A179A971E179E971217AC8
:1088E000297200271BE069462046FFF7DCF80446A2
:1088F0004078052813D16879012804D1A879022885
:108900002DD003282BD00720207009EBC701224669
:108910001431029800F06CF87F1C8346FFB228796E
:10892000B84204D97088BDF800108842DBD8287995
:10893000B84211D808F1010000F0FF08B8F1020FA9
:1089400004D27088BDF8001088429CD83079022883
:1089500000D3022040450BD9032091E708E0E879D5
:108960000028D2D120780928CFD084F800A0CCE705
:10897000584685E770B5054600F62610002441B339
:108980000B7803704B7843704B8843800B790371ED
:108990004B7943718B798371CB79C37195F81D59EC
:1089A0000826C5B1012D16D0022D1DD00324082A9A
:1089B0000DD90A8902814A8942818A8982818A7B0A
:1089C0008273CA7BC2730A7C0274497C417420465C
:1089D00070BD022070BD082BE9D0102BE7D0202BF2
:1089E000E5D0402B02D1E2E7082BE0D0C671DEE7EC
:1089F00070B513780B7053784B7093788B70D47874
:108A0000CC7093888B800546927900208A714FF450
:108A100080660BB1B34200D9032095F81D1921B12E
:108A200001291BD002292ED00EE004F003010229F7
:108A300007D0A5070AD001290BD0E143890708D048
:108A400002E0B3F5007F00D9032070BD402BFBD8B6
:108A500070BD002AF8D0102AF6D870BD04F00301CA
:108A60000229F3D0A507F1D0012907D0E1438907F6
:108A7000EAD1002AE8D0B342E6D270BD002AE3D0A2
:108A8000102AE3D9E0E7A10707D0E1438907DBD14A
:108A9000002AD9D0082BD7D870BD082BD4D170BDEF
:108AA0002DE9FE4F022304468DF8003094F8211979
:108AB0000020012901D103212170227801260D27F0
:108AC000002504F6E4194FF005084FF0080A0C2AB7
:108AD0007ED2DFE802F0061636F7F36BD8888F985F
:108AE000ADED94F82009002872D02670C820FEF75A
:108AF00090FF2046FFF751FE84F81C59C4F8CC596A
:108B0000FAE094F8230901280ED0D4F8CC09B0F586
:108B10007A7F0FD994F81F09401CC0B284F81F094E
:108B2000032805D92770E7E084F81F592370E3E094
:108B30002570E1E00A30C4F8CC090A20FEF769FF8D
:108B4000DAE0D4F8D82912B10421204690476420F5
:108B5000FEF75FFF2046FFF7A3FD84F81D0984F8A8
:108B6000008000212046FEF7BFFE60718021204674
:108B7000FEF7BAFE2071A17994F81D290092CDE983
:108B80000151014694F81C3980222046FFF743FE2C
:108B9000A07994F81D190091CDE9015094F81C3981
:108BA000617900222046FFF736FEA5E02046FFF758
:108BB000D7FB8DF800009DF8000000287ED184F8D6
:108BC000245994F83709012803D0072020706AE05F
:108BD00043E05046FAE700231A464946D4F8DC0938
:108BE00005F0D2FB6AE0D4F8D829B2B301212046BF
:108BF0009047EEE794F83D19204600F0C3F868BBB3
:108C00000920207078E094F83F094FF00A058006AB
:108C10008ED50121204600F0C3F88DF800009DF8A4
:108C20000000002884D09DF80000032880D063E075
:108C3000D4F8841921B3C4F8805994F8471904EB87
:108C40008002D2F8782912798A4208D104EB800098
:108C5000D0F87809C4F8800906E02FE04CE0401C09
:108C6000C0B20228EBD3284658B181682046884715
:108C700038B906202070D4F8D8290321204690471F
:108C800011E027700FE0D4F880090028F9D00169BD
:108C9000204688478DF800009DF8000030B19DF80F
:108CA00000000228EDD0C4F8E48994E70B208DE79A
:108CB000D4F8800910B14169204688470020BDE8FA
:108CC000FE8FFFE784F821592046F9F741F9D4F8DF
:108CD000800920B1C16820468847C4F88059D4F87B
:108CE000D82912B105212046904794F8220901287D
:108CF00005D02046FFF76CFDC4F8E4696BE784F803
:108D00002259204600F05AF8F6E704464FF0FF36A5
:108D100000F6E415334600222946D4F8DC0905F0B4
:108D2000FFFA0028F6D12046FFF7BAFEF2E710B5A9
:108D30000246002059B1D2F88439022B07D202EB47
:108D400083045B1CC2F88439C4F8781910BD022072
:108D500010BD0246002092F83C398B4202D982F8BD
:108D600024197047022070478278012A06D1002218
:108D700002740523437441828282C282002211461A
:108D8000FEF7F3BD8278012A06D10022027409237E
:108D9000437441828282C28200221146FEF7E5BD01
:108DA0008278012A06D1002202740323437441828F
:108DB0008282C28200221146FEF7D7BD10B504465A
:108DC000FFF706FD01212046FFF760FC002010BDE3
:108DD00001290AD00548022906D0042903D0052913
:108DE00003D1032100E0012101707047E00200205F
:108DF00070B50D460446C2F3072004991E460128AB
:108E00001BD0E06840F04000E060204600F032F8FF
:108E1000C6F307210029A16B26D021F48031A1637C
:108E2000C5F30741012907D1A16841F00601A160FE
:108E3000A16841F02001A16070BDA06B20F48030DA
:108E4000A063E0680A4A1040E060E06820F4401047
:108E5000E060C8B2012803D1E06840F48010E0600F
:108E6000204600F007F8DBE741F48031D7E7000047
:108E7000BFFFBDFF08B500234FF07062009300995B
:108E8000491C009191420CD801690029F7DA00933E
:108E9000016941F0010101610099491C0091914271
:108EA00001D9032008BD0169C907F5D1002008BD1B
:108EB000816821F0010181600020704700EB4110C2
:108EC000064AC0F81025D0F8001521F0804141F085
:108ED0000041C0F800150020704700000000088025
:108EE00008B5D0F8402422F02E020092D20405D416
:108EF000012909D1009941F4805103E021B9009979
:108F000021F48051C0F84014002008BD816841F070
:108F1000010181600020704708B500234FF07062A6
:108F200000930099491C009191420AD801690029D7
:108F3000F7DA1021009301610099491C00919142D8
:108F400001D9032008BD0169C906F5D4002008BD78
:108F500018B500244FF070630094009A521C0092E0
:108F60009A420CD80269002AF7DA202242EA8111DB
:108F7000009401610099491C0091994201D9032094
:108F800018BD01698906F5D4002018BD10B5FCF79D
:108F900021F8034802214170411E0978817010BDFB
:108FA0004D010020094A00217F2311705068037091
:108FB00083704370C3700171417102F10800506009
:108FC000C01F417012788270017070474C01002000
:108FD000D0F8080480B2704708B5D0F8400400907B
:108FE000C0F3414008BD406900F00100704738B54A
:108FF000002200EB41110092D1F80025D1F8003594
:10900000C2F38142D1F80445DB0F8568E40FAD0659
:1090100005D524B93BB3012A25D0032A23D04FF428
:109020007A736AB1022A0BD0D1F8002542F080424F
:10903000C1F80025D0F8100410F47F0F2BD00CE0FD
:10904000D1F8002542F08042C1F8002582689206DE
:1090500003D4C06A10F47F0F07D0D1F8000540F0A8
:109060000040C1F80005002038BDD1F8000520F00F
:109070000040C1F80005D1F8000540F00040C1F8FB
:1090800000050098401C00909842ECD8D1F80005EB
:109090000028F6DBE7E7D1F8000520F00040C1F832
:1090A0000005D1F8000540F00040C1F80005009827
:1090B000401C00909842D6D8D1F800050028F6DB75
:1090C000D1E700002DE9F0431E46DDE907850027C2
:1090D00000EB41147B1EDDF82490C4F8083515B36D
:1090E000012D3BD0022D1ED0032D30D001270023AF
:1090F000C4F80435D4F80C3543F00203C4F80C3539
:10910000D0F8183401F00F0C012101FA0CF10B43D7
:10911000C0F81834816941F00071816111062AD5C7
:109120004FF4004128E040F29D43C4F80C3513068B
:1091300004D5D4F80C3543F4807319E0DFF898C0F7
:109140006045D4D1D4F80C3543F0600310E040F210
:109150009D63C4F80C351306EBD4C8E740F2252311
:10916000C4F80C351306C2D5D4F80C3543F4C073DB
:10917000C4F80C35BBE70021FFF72EFFB8F1020F52
:1091800004D1022802D04FF4003000E000204FF05C
:10919000FE5303EA86534FF4F04606EAC222134315
:1091A0004FF4402202EA85421343C9F30A021343F3
:1091B0000B43034343F48010C4F80005032D01D092
:1091C000012D05D1D4F8000540F00050C4F8000589
:1091D0003846BDE8F083000000000440D0F81404D5
:1091E00080B27047F8B5954C4B784FF48075A0422B
:1091F00016D1012A02D00C797CB111E08C7C0CB123
:10920000022C0DD18C795CB900EB4314D4F80C65B9
:1092100026F07006C4F80C6502E04C79012C10D0E1
:109220008C79012C11D00C6A9CB38E8AA7197F1EF1
:10923000B7FBF6F7BFB2AF4235D92F463502CD6145
:1092400031E01946FFF73AFEF6E0CC7801270CB181
:109250008C8A2CE08C7C012C02D0012A1CD01FE0CF
:109260000C6ABC2C0DD98C8ACC610C62CC68012CA8
:1092700005D0022C03D00124CC60CC6918E0022474
:10928000FAE7CC61CC68012C04D0022C02D0042473
:10929000F2E707E00324EFE78C8A0D6AA54206D8BF
:1092A0000C6A04E00127CD780DB18C8A7C43CC6137
:1092B0006FF06045C4F3120405EAC7452C438D7D69
:1092C0004FF0C04606EA45752C4300EB43130546B4
:1092D000C3F8104512B18C69C3F81445D5F8084499
:1092E000D3F8005544F3000425F00055C3F80055A9
:1092F000D3F80055641C45EA4474C3F800458C79E2
:109300000025012C0DD0C3F80455D3F8004524F0F6
:1093100080440094CC78002C009C58D044F4004445
:1093200057E04E7C0C7C4FF0004747EAC6163443AA
:10933000C3F80445D3F80C4544F06004C3F80C4569
:10934000CC79012C0DD1CC785CB9D3F8044544F428
:109350008034C3F80445D3F80C4544F04004C3F806
:109360000C458C7C012C01D0032CCED1CC79012C66
:1093700008D1CC78012C05D1D3F8044544F48034CD
:10938000C3F804458C7C012CBFD1CC78002CBCD117
:10939000CC68012C0CD0022C0FD0032C12D0042C42
:1093A000B3D1D3F8044544F44044C3F80445ACE7D2
:1093B000D3F8044544F40044F7E7D3F8044544F0F7
:1093C0000E04F2E7D3F8044544F48044EDE724F4B6
:1093D000004444F000440094C3F8004562BBCA78DE
:1093E00052BB0B6A43B3CA7932BB8A7C32B1012AC1
:1093F0000FD0022A02D0032A17D10AE0DB1CC3F3E4
:109400008F02C36A9BB293420FD2826942F020025C
:109410000AE0DB1CC3F38F02D0F810349BB29342F6
:1094200003D2826942F08062826100950A8C93B215
:109430004A78896900F03FF90020F8BD0000044037
:10944000F0B500250E4604462F46C0F8005E806B3E
:1094500040F40010A063A06B20F40020A063A06B78
:1094600020F48020A063E068400602D4300E01287A
:1094700004D0D4F8000420F0040103E0D4F8000480
:1094800040F004012046C4F800141021FFF760FDED
:1094900000B101252046FFF73FFD00B10125002066
:1094A000431EC6F3072206E004EB4011C1F808355D
:1094B000C1F80C75401C8242F6D8A76163610E4862
:1094C000844205D1401560620C48A0620C4804E05B
:1094D000802060620B48A0620B48C4F80001C6F30C
:1094E000074018B9A06940F01000A061A0690749C1
:1094F0000843A0612846F0BD0000044000020001BE
:109500000003E00080006000E0004000080020A3AD
:10951000D0F8002422F00302C0F80024D0F8002480
:1095200001F003031A43C0F80024012903D00229E3
:1095300004D0012070474BF6803101E041F2707198
:10954000C0F804140020704700EB4110D0F8081553
:10955000D0F80C05084070474169806908407047A1
:1095600030B503460846940802F00301002203F5D3
:10957000805303E01D6840F8045B521CA242F9D3FB
:1095800000290BD01C680022D50024FA05F3491EDF
:10959000521C090400F8013B090CF5D130BD38B567
:1095A0000446D0F8400420F02E00009040F4807073
:1095B000C4F84004642004F5886403F0CFF80098F0
:1095C00020F4807020600A2003F0C8F8002038BD25
:1095D00070B50546C068002420F0C040E86001294D
:1095E00001D079B120E0E86840F00050E8600A203E
:1095F00003F0B4F868690A3410F0010F10D1C82CD8
:10960000F5D30DE0E86840F08040E8600A2003F000
:10961000A5F868690A3410F0010F01D0C82CF5D301
:10962000C82C01D0002070BD012070BD38B50025C8
:1096300004460095806820F00100A06010212046BB
:10964000FFF786FC00B101252046FFF765FC00B15D
:109650000125002104EB4110D0F8002522F08022E2
:1096600042F08042C0F80025491C0F29F2D90021A0
:109670004FF47A7304EB4110D0F8002522F4004235
:1096800042F04042C0F80025009A521C00929A42D3
:1096900003D8D0F80025002AF6DB491C0F29E9D9A8
:1096A0004FF0FF30C4F814046061A06840F001007E
:1096B000A060284638BD10B5029C6CB9DB1C9C0824
:1096C00000EB0230002300F5805003E051F8042B3A
:1096D00002605B1CA342F9D3002010BDFEE700002E
:1096E0007CB501210846FCF7A5F801208DF804009F
:1096F00000228DF8062003218DF80510074D4FF448
:1097000080548DF80700009469462846F9F778F9E7
:1097100021462846F9F7C0F97CBD00000000024050
:109720007CB501211020FCF785F801208DF804009C
:1097300000208DF8060003228DF80520074D4FF418
:1097400080748DF80700009469462846F9F758F9A7
:1097500021462846F9F7A0F97CBD00000010024020
:1097600070B52149214D2DED028B9FED1D8B0879A0
:1097700058B100200871D1ED030A05EB8001401CAF
:10978000C0B2C1ED000A6428F7D3012005EB8001C7
:10979000401CD1ED000AC0B241ED010A6428F5D3A6
:1097A00085ED630A002455F82400F6F763FF53ECB7
:1097B000182BF6F79AFD641C41EC180BE4B2642CEC
:1097C000F1D351EC180B9FED0A0B53EC102BF6F76D
:1097D000A5FEF6F762FFBDEC028B00EE100A70BD2D
:1097E0000000000000000000A0020020685D0020D2
:1097F000000000000000594010B52DED048BB0EEC4
:10980000608AB0EE409ADFED238AB5EEC08AF1EEB1
:1098100010FA3CD0B5EEC09AF1EE10FA37D089EECE
:10982000080A02F0DDFFB4EEE80AF1EE10FA0FD8F4
:10983000B5EEC08AF1EE10FAB0EE490A02DD02F090
:10984000CFFF03E002F0CCFFB1EE400A80EE288AA1
:109850001148B6EE001A90ED000A1048C9EE080A49
:1098600040EE010A90ED001A81EE200A10EE100A77
:10987000F6F700FF41EC100B00F0F2FB51EC100B7F
:10988000F6F70BFF00EE100ABDEC048B10BD9FED48
:10989000040AF9E73333B33E3C02002040020020C3
:1098A0000000000003490988C140C80700D001201A
:1098B0007047000044030020174A032809D01346CC
:1098C000DFED160A93ED000A082809D00A280ED009
:1098D00015E0012913D112490120096808740EE02E
:1098E000022901D001290AD130EE600A05E00229DF
:1098F00001D0012903D130EE200A82ED000A92ED59
:10990000000AB5EEC00AF1EE10FA03D29FED050A87
:1099100082ED000A7047000000020020000048426B
:1099200050010020000000002DE9F0416B4DC87887
:109930000C46287008790022C0F1FF006870487852
:10994000A8708878E8708879C0F30011281F05F0A6
:1099500075F9A0790122C0F38011281F05F06EF976
:10996000A0790222C109281F05F068F9A079032215
:10997000C0F34011281F05F061F9607900F00F0075
:109980000F280BD0C107C0F341001CD0F0B3012851
:109990003FD0022844D0032829D143E04F48042275
:1099A0000021001F05F04AF94C4805220021001F44
:1099B00005F044F9494806220021001F05F03EF950
:1099C000072200210FE030B1012806D0022806D07E
:1099D00003280CD105E0042204E0052202E006225F
:1099E00000E0072201213D48001F05F027F9A0797A
:1099F0000822C0F3800639483146001F05F01EF9E1
:109A0000FF274FF00008A6B12F7114E0FFE70422F2
:109A100000E0062231480121001F05F00FF9DCE7C4
:109A2000062200E004222D480121001F05F006F95E
:109A3000D7E785F80480A0790922C0F3C00627483B
:109A40003146001F05F0FAF80EB16F7101E085F89C
:109A50000580A0790A2200F001012048001F05F0CE
:109A6000EDF8A0790B22C0F340011C48001F05F05F
:109A7000E5F860790C22C0F300111848001F05F0CA
:109A8000DDF860790D22C0F340111448001F05F085
:109A9000D5F860790E22C0F380111048001F05F040
:109AA000CDF860790F22C1090C48001F05F0C6F8F7
:109AB0000A4D00240A4E2D1F06EB04112246288869
:109AC000F8F7ECFF010002D02046FFF7F5FE641C1A
:109AD000E4B20F2CF0D9BDE8F0810000480300206B
:109AE0009C6F00202DE9F0416B4D08780C462870E2
:109AF00048780022C0F1FF006870C878A870087923
:109B0000E8708879C0F30011281F05F097F8A07954
:109B10000122C0F38011281F05F090F8A0790222DD
:109B2000C109281F05F08AF8A0790322C0F340116B
:109B3000281F05F083F8607900F00F000F280BD084
:109B4000C107C0F341001CD0F0B301283FD0022868
:109B500044D0032829D143E04F4804220021001FAC
:109B600005F06CF84C4805220021001F05F066F84E
:109B7000494806220021001F05F060F80722002155
:109B80000FE030B1012806D0022806D003280CD1FE
:109B900005E0042204E0052202E0062200E007229C
:109BA00001213D48001F05F049F8A0790822C0F3C3
:109BB000800639483146001F05F040F8FF274FF076
:109BC0000008A6B12F7114E0FFE7042200E006228E
:109BD00031480121001F05F031F8DCE7062200E0E2
:109BE00004222D480121001F05F028F8D7E785F849
:109BF0000480A0790922C0F3C00627483146001F1F
:109C000005F01CF80EB16F7101E085F80580A079B0
:109C10000A2200F001012048001F05F00FF8A0798A
:109C20000B22C0F340011C48001F05F007F86079C3
:109C30000C22C0F300111848001F04F0FFFF6079E8
:109C40000D22C0F340111448001F04F0F7FF6079A3
:109C50000E22C0F380111048001F04F0EFFF60795E
:109C60000F22C1090C48001F04F0E8FF0A4D002430
:109C70000A4E2D1F06EB041122462888F8F70EFF26
:109C8000010002D02046FFF717FE641CE4B20F2C3F
:109C9000F0D9BDE8F0810000480300209C6F00204F
:109CA00070B506460B480D46017819B901210170BF
:109CB00005F0D0FA084C204605F07CFA05F050FA81
:109CC000002806D12A4631462046BDE8704005F0FE
:109CD0002DBB70BD680100200000060870B501EBC7
:109CE000002004B24FF47A7594FBF5F005FB1040A8
:109CF0002DED028BF6F781FC9FED0B1B53EC112B26
:109D0000F6F79AFB41EC180B94FBF5F0F6F775FCAF
:109D100053EC182BF6F7E9FAF6F7BFFCBDEC028B13
:109D200000EE100A70BD0000FCA9F1D24D62503F58
:109D300070B52E4C0428226803D1012901D10123DA
:109D400013742B4BDFED2B1A9FED2B1A1D782B4B29
:109D5000052DD3ED000A30EEE10A70EEA10A02D023
:109D6000042D0FD01BE008282FD009282AD00DE0A1
:109D700001290BD183ED000A08E0012906D1C3EDCA
:109D8000000A03E008281DD00B281ED093ED000A1E
:109D9000B5EEC00AF1EE10FA01D283ED001A0528E3
:109DA0000FD103290DD1507CA0B192687F210020F2
:109DB0009047322005F00CFF2068417C41B1002122
:109DC000417470BD0229DAD0D7E70229D2D0CFE79B
:109DD0000121F5E701205074322005F0F9FE2068DA
:109DE0007F218268BDE870400020104750010020AC
:109DF0004C0100200000484200000000000200204A
:109E00002DE9FF41294C80462078002836D028A033
:109E1000271DD0E90010CDE9001038788DF8030037
:109E200078788DF8040022A00822D0E90010CDE94E
:109E30000210D8F880096946C56940462B78FEF7BC
:109E4000D4FB06F04FFDA168A61D401AC82817D9FB
:109E5000002727708DF803708DF804703C462B782E
:109E6000082202A94046FEF7C0FB142005F0B0FE10
:109E7000641CE4B2032CF2D337707770BDE8FF8125
:109E800030783978884203D170787978884208D060
:109E90002B78082269464046FEF7A7FB142005F000
:109EA00097FE3878307078787070E7E724030020E8
:109EB0000008000000000000074A10B5527C002A8C
:109EC00009D0054C01220C3C2270221D10705170EB
:109ED00006F008FDA06010BD30030020034949884A
:109EE000C140C80700D001207047000024030020B3
:109EF0002DE9FC410646D0F88009264D0C46C16983
:109F0000687802280CD2401C687023A0D0E9002099
:109F1000CDE900200B78082269463046FEF765FB44
:109F2000E07902F00FFF1B4F0C373870607A02F0B7
:109F300009FF7870E07A02F005FFB870607B02F0EC
:109F400001FFF8702179397160797871144A60885D
:109F500068801278042A03D1C1B140F4006068809F
:109F6000104F002407EB041122466888F8F796FD8D
:109F7000010002D02046FFF7DBFE641CE4B20F2C88
:109F8000F0D93046BDE8FC41FFF73ABF20F400604D
:109F9000E5E70000240300200008000000000000A6
:109FA0004C0100209C6E0020164A10B5A2F1280337
:109FB0000024597D7228505401D0002920D0491C1A
:109FC000C8B2587505281BD15C751078722817D156
:109FD0005078652814D19078732811D1D0786528ED
:109FE0000ED1107974280BD1BFF34F8F0649086842
:109FF000064A00F4E06010430860BFF34F8FFEE7AD
:10A0000010BD0000E80000200CED00E00400FA059F
:10A010000FB4054B10B503A9044A029801F0A8FD3E
:10A0200010BC5DF814FB0000F1C7000874010020AB
:10A0300003B401984100009850EAC12018BF0420E1
:10A040004A0D18BF40F0010040F2FF72B2EB515FC1
:10A0500008BF40F00200012808BF052002B0704789
:10A0600070B59B482DED020B2DED068B079D25F05D
:10A070000044A04218DC9748844202DC0AD10698CA
:10A0800040B19DED060BBDEC068B02B0BDE8704003
:10A0900001F052BC002DCCBF9FED8F0B9FED900BBC
:10A0A000BDEC068B02B070BD8F48A04215DD8F4815
:10A0B000A042D8BF4FF0FF3458DD9DED060B51ECA8
:10A0C000100BFFF7B5FF042808BF01F069FC9DEDF8
:10A0D000060BBDEC068B02B070BD9DED060B51EC7E
:10A0E000100B02F071FBCDE9060181489FED828BD8
:10A0F000A0423CDD8248A0421FDD00249FED82ABE0
:10A100009DED060B53EC1A2B51EC100BF6F7EDF806
:10A110009DED060B41EC190B53EC1A2B51EC100B77
:10A12000F6F78AF953EC182BF6F780F953EC192B54
:10A13000F6F7F4F9CDE9060149E09DED060B01249F
:10A1400053EC182B51EC100BF6F7CFF89DED060BE6
:10A1500041EC190B53EC182B51EC100BF6F766F988
:10A1600053EC192BF6F7DAF9CDE906012FE0684830
:10A17000A0421FDD02249FED689B9DED060B53EC72
:10A18000192B51EC100BF6F757F953EC182BF6F787
:10A19000ACF89DED060B41EC180B53EC192B51EC70
:10A1A000100BF6F743F953EC182BF6F7B7F9CDE996
:10A1B00006010CE09DED060B032453EC102B9FEDE4
:10A1C000580B51EC100BF6F7A9F9CDE906019DEDFE
:10A1D000060B53EC102B51EC100BF6F72DF941EC5C
:10A1E000180B53EC182BF6F727F941EC190B4E48D6
:10A1F0000621B0EE490AF0EE690A784401F060F9F0
:10A2000053EC182B51EC100BF6F716F941EC180B28
:10A210004648B0EE490AF0EE690A0521784401F09B
:10A220004FF953EC192B51EC100BF6F705F941ECF3
:10A23000100B51EC180B53EC102B002C0EDAF6F728
:10A2400054F89DED061B53EC112BF6F7F5F89DED38
:10A25000061B53EC112BF6F7ECF835E0F6F745F852
:10A260009DED061B53EC112BF6F7E6F841EC100BB5
:10A270002F48784400EBC40090ED001B51EC100B0C
:10A2800053EC112BF6F7D2F89DED061B53EC112B76
:10A29000F6F7CCF841EC100B2648784400EBC400EC
:10A2A00090ED001B51EC100B53EC112BF6F7C1F89D
:10A2B00041EC100B002DA2BFBDEC068B02B070BDAF
:10A2C00051EC100B81F0004141EC100B01E7000054
:10A2D000000010440000F07F182D4454FB21F93F8A
:10A2E000182D4454FB21F9BF0000DC3F0000203E44
:10A2F0000000F33F00000000000000000000F03FFD
:10A300000000E63F000000000000000000000040E8
:10A310000080034000000000000000000000F83F43
:10A32000000000000000F0BFFA870000B0870000C6
:10A330003A870000F28600002DE9F04D2DED040B68
:10A340002DED0E8B96B0DDE92550279CDDF890A011
:10A3500025F0004624F00048BAF1000F14BF012197
:10A36000002101EB4502FC4953184A1093422AD3BD
:10A37000002814BF0123002303EB44030B44F749D7
:10A380008B4220D358EA00019FEDF59B76D0DFF891
:10A39000D8B35D4503D1BAF1000F05D188E0BAF119
:10A3A000000F08BF002100D0012101EB450111F58C
:10A3B000001F08D8002814BF0121002101EB44012F
:10A3C00011F5001F0BD99DED261B9DED240B16B03A
:10A3D000BDEC0E8B04B0BDE8F04D01F0B7BA00271C
:10A3E000002DBCBFE149884521DAE1498845A8BF75
:10A3F00002271CDAC3451ADCDE4901EB2851142977
:10A4000008DDC1F1340220FA02F101FA02F28242BF
:10A410000DD108E058B9C1F1140228FA02F101FA8D
:10A4200002F2424503D101F00101C1F1020756EAEF
:10A430000A0124D1002C22DA002D18BF022F01D0EE
:10A44000012F0AD0022001F0CBFA16B0BDEC0E8B22
:10A4500004B0BDE8F04D01F057BA022001F0C0FA97
:10A4600001F052FA51EC100B81F0004141EC100B5D
:10A4700016B0BDEC0E8B04B0BDE8F08D18E09FED7A
:10A48000BEAB9FEDBF8B002871D1B848804522D16B
:10A4900005F1804010F5801008BFBAF1000F07D019
:10A4A000B3450ADC002CA8BF9DED260BE0DA0DE0D9
:10A4B000B0EE490AF0EE690ADAE7002C06DA9DED03
:10A4C000260B51EC100B81F000416FE0AE48784450
:10A4D00090ED000BCCE7D8454DD1002C48DA2EB1D9
:10A4E00086423AD1BAF1000F42D126E0BAF1000F0C
:10A4F00013D0022001F074FA01F042FA8DED020B44
:10A500009DED240B8DED000B10EE900A039961F385
:10A510001E0003909DED020BAAE78DED02AB9DEDB1
:10A52000240B1AEE901A10EE900A8DED000B61F3D9
:10A530001E0003909DED020B9AE78DED028B9DEDC1
:10A54000240B18EE901A10EE900A8DED000B61F3BB
:10A550001E0003909DED020B8AE709DA9DED240BA6
:10A5600051EC190B53EC102BF5F7D8FF1EE020E04F
:10A570009DED240B7CE786421BDAB4F1804F0DD0B1
:10A58000A4F10050B0F1FF5013D1002D11DB9DED6F
:10A59000240B51EC100B04F00FFD07E09DED240B94
:10A5A00053EC102B51EC100B00F0C2BC41EC100B23
:10A5B0005EE79DED240B51EC100B02F005F9BAF1AA
:10A5C000000FCDE90E0142D19FED710B46B3A6F10C
:10A5D000E040B0F17F600CD05E4538D1002D00DA4C
:10A5E000A7B3022F0CBF01204FF0FF30F6F705F89C
:10A5F000DCE7002D01DD002C0DDA002D01DD002C43
:10A600001FDB002D16DA002C14DB012F08BF9FED95
:10A61000620B3FF42DAFB0EE4A0AF0EE6A0A27E76C
:10A62000022F18BF002D0CD0012F0AD1002DFFF6EC
:10A630001FAF06E0002DB8BF002C08DA012F3FF451
:10A6400017AFB0EE480AF0EE680A11E71BE00120F0
:10A6500000EBE57050EA070115D0791EB0EE498A8B
:10A66000F0EE698A084308BF9FED4D8B4E480025E8
:10A67000804570DD4D494E48884514DDB0420DDB04
:10A68000002C19DB2FE0012001F0AAF916B0BDEC77
:10A690000E8B04B0BDE8F04D01F062B9B34502DCA9
:10A6A000002C09DC1FE0864202DA002C1BDA03E0F2
:10A6B0005E452BDD002C16DD022001F091F901F042
:10A6C0005FF98DED020B53EC1A2B51EC180BF5F7DB
:10A6D000B3FECDE900010399019861F31E000390D8
:10A6E0009DED020BC4E6022001F07AF901F058F961
:10A6F00010EE901A18EE900A8DED020B8DED008B86
:10A7000061F31E0003909DED020BB1E69DED0E0B73
:10A7100053EC192B51EC100BF5F788FE9FED260B2F
:10A72000CDE9080153EC102B9DED080B51EC100BFB
:10A73000F5F782FE9FED221B53EC112BF5F779FE06
:10A740009DED081B53EC112BF5F776FE9FED1E1BBC
:10A7500053EC112B3CE08CE0FFFF1F00FFFF0F00CC
:10A76000000000000000F03F0000F03F0000F07F1C
:10A770000000404301FCFFFF000000000000F07FEC
:10A780000000000000000000DE8500000000000066
:10A790000000000000000080000000000000F0FF4A
:10A7A000000000000000F0BF0000E0410000F043A6
:10A7B000FFFFEF3F00000000000000000000D03F5E
:10A7C000555555555555D53F000000000000E03F58
:10A7D000F5F72FFE9DED080B41EC1A0B53EC102BF7
:10A7E00051EC100BF5F728FE53EC1A2BF5F724FE6D
:10A7F00041EC1A0B9FEDFE0B53EC102B9DED080B5B
:10A8000051EC100BF5F718FE41EC1B0B9FEDFA0B0A
:10A8100051EC1A0B53EC102BF5F70EFE41EC1A0B12
:10A820009FEDF70B53EC102B9DED080B51EC100B2B
:10A83000F5F702FE53EC1A2BF5F7F8FD41EC1A0B75
:10A8400051EC1B0B53EC1A2BF5F74FFD0690CDE99D
:10A8500006519DED060B53EC1B2B51EC100BF5F73D
:10A86000E5FD53EC1A2BF5F7E4FD41EC100B00F07D
:10A87000A1B90020B6F5801F0EDA9FEDE30B53EC73
:10A88000102B9DED0E0B51EC100BF5F7D5FDCDE91E
:10A890000E016FF034000E4600EB2650A0F2FF3799
:10A8A000C6F31300DA4940F07F6646F0405688420E
:10A8B000D8BF002408DDD7498142C8BF012403DC8A
:10A8C0000024A6F580167F1CD348784400EBC40012
:10A8D0000F9690ED00CB9DED0E0B53EC1C2B51EC25
:10A8E000100BF5F7A3FD9DED0E0B41EC1B0B53EC8C
:10A8F0001C2B51EC100BF5F7F8FC41EC100B51EC54
:10A90000190B53EC102BF5F709FE41EC1D0B51EC24
:10A910001B0B53EC1D2BF5F78FFD41EC1A0BBF48B9
:10A920008DED10AB7844109590ED000B4FF000507A
:10A9300040EA660000EB84408DED080B00F5002036
:10A9400009909DED080B53EC1C2B51EC100BF5F707
:10A950006DFD9DED0E1B53EC112BF5F76AFD41ECDF
:10A96000100B53EC102B9DED100B51EC100BF5F769
:10A9700063FD9DED080B41EC1C0B53EC102B9DED82
:10A98000100B51EC100BF5F757FD53EC1B2BF5F7A3
:10A9900050FD53EC1C2BF5F749FD53EC1D2BF5F73F
:10A9A0004BFD41EC1C0B53EC1A2B51EC1A0BF5F739
:10A9B00043FD41EC1B0B9A480621B0EE4B0AF0EE2A
:10A9C0006B0A784400F07CFDB0EE401AF0EE601A9D
:10A9D000B0EE41DAF0EE61DA53EC1B2B51EC1B0BBD
:10A9E000F5F72AFD53EC1D2BF5F726FD9DED100B19
:10A9F00041EC1B0B53EC1A2B51EC100BF5F775FCCB
:10AA000053EC1C2BF5F718FD53EC1B2BF5F76DFCE5
:10AA10009DED100B41EC1B0B53EC102B51EC100B6C
:10AA2000F5F70AFD41EC1D0B9FED7FEB53EC1E2B60
:10AA3000F5F75BFC53EC1B2BF5F757FC0890CDE9C1
:10AA400008519DED080B53EC1E2B51EC100BF5F744
:10AA5000EDFC53EC1D2BF5F7E9FC53EC1B2BF5F744
:10AA6000E8FC9DED080B41EC1D0B53EC102B9DED0C
:10AA7000100B51EC100BF5F7DFFC41EC1B0B53EC0A
:10AA80001A2B51EC1D0BF5F7D7FC9DED080B41EC93
:10AA90001A0B53EC102B51EC1C0BF5F7CDFC53ECBF
:10AAA0001A2BF5F722FC41EC1A0B51EC1B0B53EC63
:10AAB0001A2BF5F71AFC0C90CDE90C519DED0C0BFF
:10AAC00053EC1B2B51EC100BF5F7B0FC53EC1A2B8D
:10AAD000F5F7AFFC41EC1B0B9FED550B53EC102B26
:10AAE0009DED0C0B51EC100BF5F7A6FC41EC1A0B8D
:10AAF0009FED510B51EC1B0B53EC102BF5F79CFC0D
:10AB000041EC1B0B9FED4E0B53EC102B9DED0C0BF2
:10AB100051EC100BF5F790FC53EC1B2BF5F7E5FB14
:10AB200041EC100B4848784400EBC40090ED001B4A
:10AB300051EC100B53EC112BF5F7D7FB41EC1B0B31
:10AB40003846F5F75AFDCDE9080153EC1B2B51ECC3
:10AB50001A0BF5F7CAFB41EC100B3C48784400EBAC
:10AB6000C40090ED00CB51EC100B53EC1C2BF5F70F
:10AB7000BCFB9DED081B53EC112BF5F7B6FB0690C3
:10AB8000CDE906519DED080B53EC102B9DED060B06
:10AB900051EC100BF5F74AFC53EC1C2BF5F746FC77
:10ABA00053EC1A2BF5F742FC53EC1B2BF5F741FC49
:10ABB00041EC100B9DED261B53EC102B8DED001B73
:10ABC00000959DED260B51EC100BF5F735FC9DED36
:10ABD000000B41EC1A0B53EC102B9DED260B51ECA6
:10ABE000100BF5F723FC9DED061B53EC112B2FE00A
:10ABF000000000604715F73FFE822B654715F73FC1
:10AC000044DF5DF80BAE543E0000000000004043FE
:10AC10008E9803007AB60B005A81000088810000EC
:10AC200092800000000000000000000000000840CA
:10AC3000000000E009C7EE3FFD033ADC09C7EE3F24
:10AC4000F5015B14E02F3EBE1E7F0000D87E0000A1
:10AC5000F5F7F2FB53EC1A2BF5F747FB9DED060BCE
:10AC600041EC1A0B53EC102B9DED000B51EC100B2B
:10AC7000F5F7E2FBCDE90C019DED0C0B51EC1A0B45
:10AC800053EC102BF5F731FBCDE902010C46AA4934
:10AC90008C422FDB611A084318D19DED0C0B53EC4D
:10ACA000102B9DED020B51EC100BF5F7BFFB41ECA7
:10ACB0001B0B9FEDA30B51EC1A0B53EC102BF5F76C
:10ACC00014FB53EC1B2BF5F791FE2DD2022000F064
:10ACD00087FE00F055FE10EE901A18EE900A8DEDEA
:10ACE000020B8DED008B61F31E0003909DED020BB6
:10ACF000FFF7BEBB944A24F00041914214D393491C
:10AD0000214408437FF4EFAC9DED0C0B53EC102B6A
:10AD10009DED020B51EC100BF5F788FB53EC1A2B51
:10AD2000F5F764FE7FF6DFAC24F000408849894ADD
:10AD3000002601EB205182422BDA481C4FF480118F
:10AD400021FA00F02044844AC0F30A517A44A1F267
:10AD5000FF3192ED000B814A8DED080BCA4020EACD
:10AD60000202C0F3130040F48010C1F1140120FA74
:10AD700001F60992002CB8BF76429DED080B53EC0A
:10AD8000102B9DED0C0B51EC100BF5F74FFBCDE9A3
:10AD90000C019DED0C0B51EC1A0B53EC102BF5F73D
:10ADA000A4FA9FED6F0B0890CDE9085153EC102BDE
:10ADB0009DED080B51EC100BF5F73EFB41EC1B0B26
:10ADC0009FED690B53EC102B9DED080B51EC100B14
:10ADD000F5F732FB9DED0C0B41EC1C0B53EC102BEB
:10ADE0009DED080B51EC100BF5F720FB53EC1A2BE3
:10ADF000F5F71FFB9FED5E1B53EC112BF5F71CFBCA
:10AE000053EC1C2BF5F771FA41EC1A0B51EC1B0BB0
:10AE100053EC1A2BF5F769FACDE902019DED020B0F
:10AE200053EC1B2B51EC100BF5F700FB53EC1A2BDA
:10AE3000F5F7FFFA9DED020B41EC1A0B53EC102BCA
:10AE400051EC100BF5F7F8FACDE908014A489DEDF1
:10AE5000080B0521784400F033FB9DED081B51ECF5
:10AE6000100B53EC112BF5F7E7FA9DED021B53EC99
:10AE7000112BF5F7DEFACDE906019DED020B53EC3F
:10AE80001A2B51EC100BF5F7D7FA53EC1A2BF5F7F8
:10AE90002CFA9FED3B0B41EC1A0B53EC102B9DED64
:10AEA000060B51EC100BF5F7C1FA9DED060B41ECCA
:10AEB0001B0B53EC102B9DED020B51EC100BF5F717
:10AEC000BBFA53EC1B2BF5F729FB53EC1A2BF5F7C8
:10AED000ADFA9DED021B53EC112BF5F7A7FA53ECDD
:10AEE000192BF5F7A6FACDE9020101EB0650011581
:10AEF0000029C8BF039015DC9DED020B324651ECD2
:10AF0000100BF5F7F2FCFFF793F8042808BF00F0E8
:10AF100047FD32469DED020B51EC100BF5F7E5FCB9
:10AF2000CDE902019DED020B51EC180B53EC102BF7
:10AF3000F5F782FAFFF73ABB0000904000000000EE
:10AF4000FE822B654715973C00CC904000346F3F44
:10AF500001FCFFFF0000E03F607D0000FFFF0F00ED
:10AF600000000000432EE63F396CA80C615C20BE57
:10AF7000EF39FAFE422EE63F307C00000000000070
:10AF8000000000000000004000B52DED048BB0EE85
:10AF9000409AF0EE609A83B051EC190BF5F7BCFCC7
:10AFA00041EC180B18EE100A18EE901A8DED008B7C
:10AFB000002818BF0120084320F00040C0F17F6046
:10AFC00000F1E040C00F14D019EE101A19EE900AEB
:10AFD0008DED009B002918BF0121084320F000409F
:10AFE000C0F17F6000F1E040C00F04BF012000F01D
:10AFF000F7FCB0EE480A03B0F0EE680ABDEC048B33
:10B0000000BD00000000000010B51D499FED1A1B97
:10B010002DED020B84B0059820F000408842DCBF83
:10B0200001209DED040B21DD1649884209D10498C9
:10B0300040B94FF0010000F0D3FC00F091FC06B0E5
:10B0400010BD05DB9DED040B00F076FC06B010BDD5
:10B0500068469DED040B00F017F800F00100012197
:10B06000A1EB40009DED021B9DED000B00F0A4FA4A
:10B0700006B010BD0000000000000000000000004D
:10B08000FB21E93F0000F07F2DE9F14F04462DED53
:10B09000020B2DED088B8AB09FEDE70B80ED020BC4
:10B0A000139EE74826F0004585420ADC9DED120B11
:10B0B000002084ED000B0AB0BDEC088B03B0BDE8A6
:10B0C000F08FE0489FEDE0AB9FEDE1BBA84247DD8C
:10B0D000E14F9FEDE39B9FEDE48B9DED120B53EC55
:10B0E0001A2B51EC100B002E1CDDF5F79FF941ECEB
:10B0F000100BBD4208D053EC1B2B51EC100BF5F795
:10B1000095F9C4E900010BE053EC192B51EC100B3D
:10B11000F5F78CF953EC182BF5F788F9C4E9000121
:10B120000120C8E7F5F7E1F841EC100BBD4208D06B
:10B1300053EC1B2B51EC100BF5F7D7F8C4E90001C9
:10B140000BE053EC192B51EC100BF5F7CEF853EC48
:10B15000182BF5F7CAF8C4E900014FF0FF30AAE751
:10B16000C348A84279DB9DED120B51EC100B01F0A6
:10B170002BFB41EC180B9FEDC00B53EC102BF5F79C
:10B180005BF99FEDBF1B53EC112BF5F7AEF8F5F70C
:10B1900052FA0746F5F731FA41EC190B53EC1A2B2A
:10B1A000F5F74AF953EC182BF5F743F941EC180B76
:10B1B00053EC1B2B51EC190BF5F73EF9DFF8C8A245
:10B1C00041EC100B4FEA15580125FA4453EC102BB3
:10B1D00051EC180BF5F72AF9032DC4E900013DD015
:10B1E000C1F30A5005EB4511A8EB0000113981426B
:10B1F00034DA0AEB051BB0EE48AA9BED000BF0EE2B
:10B2000068AA53EC102B51EC190BF5F715F941EC2A
:10B210001B0B51EC1A0B53EC1B2BF5F707F941EC08
:10B22000180B51EC1A0B53EC182BF5F7FFF853ECF5
:10B230001B2BF5F7FBF89BED020B41EC1A0B53ECC3
:10B24000102B51EC190BF5F7F7F853EC1A2BF5F717
:10B25000EDF841EC100B6D1CB8E70EE0002EA8BF16
:10B260003846BFF628AF94ED000B51EC100B81F07F
:10B270000041C4E9000178421DE7C6F3130040F421
:10B28000801EC6F30A50A0F2F530471100F01F05EA
:10B29000C5F12000DDF848B0089000200690079026
:10B2A0000520EC467949002D07EB0002794408BFE0
:10B2B00051F8221009D051F8223001EB8201AB4045
:10B2C0004A68089922FA01F11943A1FB0E26A1FB55
:10B2D0000B131A449A4234BF0123002303EB0608E0
:10B2E0000CEB8003D3E901A60E448E4234BF01214A
:10B2F000002192448A4411B1924502D903E092455B
:10B3000001D2012100E00021C3E901A641444CF82B
:10B310002010011EA0F10100C4DC029800F10050D1
:10B32000850F0298DDE903678000DDF81480F5F7EA
:10B3300064F941EC1A0B3046F5F770F99FED541B98
:10B3400053EC112BF5F778F841EC1B0B3846F5F769
:10B3500065F99FED511B53EC112BF5F76DF841EC9E
:10B36000180B4046F5F75AF99FED4D1B53EC112B86
:10B37000F5F762F841EC190B51EC180B53EC192B53
:10B38000F4F7B3FF53EC1B2BF4F7AFFF53EC1A2B7E
:10B39000F4F7ABFFCDE90801002008909DED080B04
:10B3A00053EC1A2B51EC100BF5F740F853EC1B2B18
:10B3B000F5F73CF853EC182BF5F738F853EC192B4C
:10B3C000F5F737F89FED381B53EC112BF5F734F8F0
:10B3D0009FED370B41EC180B53EC102B9DED080B38
:10B3E00051EC100BF5F728F853EC182BF4F77DFF10
:10B3F0009FED310B41EC180B53EC102B9DED080B1E
:10B4000051EC100BF5F718F853EC182BF4F76DFF0F
:10B4100041EC100B139810F0004F06D06D4251EC28
:10B42000100B81F0004141EC100B284684ED000B1D
:10B4300041E60000000000000000000000000000E5
:10B44000FB21E93F7CD9024000004054FB21F93F39
:10B450003163621A61B4D03DFB21F93F0000000066
:10B460000000601A61B4D03D7370032E8A19A33BAB
:10B47000FB2139410000000083C8C96D305FE43F03
:10B48000000000000000E03FEA780000387800008B
:10B49000000000000000103E000000000000103C12
:10B4A000000000000000103A182D4454FB21F93D23
:10B4B0003326A611460B113C00000054FB21F93D38
:10B4C00070B504462DED028B4D1E00EBC500B0EEAD
:10B4D000408AF0EE608A90ED000B35F0060017D040
:10B4E00053EC182B51EC100BF4F7A6FF41EC100BAA
:10B4F0006D1E04EBC50090ED001B51EC100B53ECDE
:10B50000112BF4F7F2FE41EC100B35F00600E7D1F9
:10B51000022D36D0042D1CD0062D1CBFBDEC028B95
:10B5200070BD53EC182B51EC100BF4F785FF94ED24
:10B530000A1B53EC112BF4F7D8FE53EC182BF4F73D
:10B540007BFF94ED081B53EC112BF4F7CEFE41EC7E
:10B55000100B53EC182B51EC100BF4F76DFF94ED1E
:10B56000061B53EC112BF4F7C0FE53EC182BF4F729
:10B5700063FF94ED040B53EC102BF4F7B6FE41EC93
:10B58000100B53EC182B51EC100BF4F755FF94ED06
:10B59000021B53EC112BF4F7A8FE53EC182BF4F715
:10B5A0004BFF94ED001B53EC112BF4F79EFEBDEC0A
:10B5B000028B41EC100B70BDF1B506462DED040B6E
:10B5C000BD482DED0C8B8AB0B0EE418AF0EE618A59
:10B5D000179D25F000449FEDBABB9FEDBBCB844285
:10B5E00008DA9DED160B51EC100BF5F724F8002846
:10B5F00000F0E980B64FA74231DC002D0DDA9DED59
:10B60000160B51EC100B81F00041CDE9160151EC05
:10B61000180B81F0004141EC180B9FEDAF0B53EC80
:10B62000102B9DED160B51EC100BF4F702FF53ECB1
:10B63000182B9FEDAB0BCDE9040151EC100BF4F787
:10B64000F5FE41EC100B53EC102B9DED040B51EC6F
:10B65000100BF4F74AFE9FEDA48BCDE916019DED8A
:10B66000160B53EC102B51EC100BF4F7E5FECDE963
:10B6700004019DED040B53EC102B51EC100BF4F76F
:10B68000DBFE41EC190B9A480621B0EE490AF0EEB8
:10B69000690A7844FFF714FF9648B0EE40DAF0EEFE
:10B6A00060DAB0EE490AF0EE690A06217844FFF745
:10B6B00007FF9DED041B51EC100B53EC112BF4F71D
:10B6C000BBFE9DED040B41EC1A0B53EC102B9DEDD2
:10B6D000160B51EC100BF4F7AFFE41EC190B53ECC9
:10B6E0001A2B51EC1D0BF4F700FE53EC192BF4F759
:10B6F000A3FE53EC182BF4F7F8FD9DED041B53EC5F
:10B70000112BF4F799FE53EC182BF4F7EEFD41ECF6
:10B71000180B9FED790B51EC190B53EC102BF4F730
:10B720008BFE53EC182BF4F7E0FD41EC190B9DED6B
:10B73000160B53EC192B51EC100BF4F7D6FD41EC22
:10B74000180BA74269DC3046F4F757FF41EC1A0B9F
:10B7500051EC180B53EC1A2BF4F7C7FD41EC1B0B03
:10B7600053EC182B51EC180BF4F766FE53EC1B2B23
:10B77000F4F7D4FE53EC192BF4F758FE9DED161B8D
:10B7800053EC112BF4F755FE9FED5D1B53EC112B81
:10B79000F4F752FE53EC1A2BF4F74BFE41EC180B66
:10B7A000022000EAA570C0F10100F4F726FF53EC77
:10B7B000182BF4F741FE00BF41EC100B0AB0BDECB2
:10B7C0000C8B05B0F0BD711C1698214308430CD0BA
:10B7D0009DED160B012E1CBF53EC102B51EC1C0BD6
:10B7E00010D000BFF4F79AFEE6E79DED160B51EC82
:10B7F000100B00F0E9FF41EC100B51EC1B0B53EC6C
:10B80000102BEFE751EC100BFEF712FC042808BFD9
:10B8100000F0C6F89DED160BD0E7012E04BFB0EE88
:10B82000480AF0EE680AC9D08DED048B0024049418
:10B830009DED040B53EC102B9DED160B51EC100BF2
:10B84000F4F7F7FD53EC192BF4F7F3FD41EC190B6A
:10B8500053EC182B51EC1C0BF4F760FE41EC180B69
:10B860008DED008B00949DED040B53EC102B9DEDA2
:10B87000000B51EC100BF4F7DFFD53EC1B2BF4F72E
:10B8800034FD9DED000B41EC1A0B53EC192B51ECE0
:10B89000100BF4F7D1FD53EC1A2BF4F726FD53EC03
:10B8A000182BF4F7C9FD9DED001B53EC112BF4F799
:10B8B0001CFD81E7000000000000303E0000000099
:10B8C000000000000000F03F000000000000F0BF9A
:10B8D0002894E53F00000000182D4454FB21E93F67
:10B8E000075C143326A6813C000000000000000025
:10B8F000EA74000000750000635555555555D53F55
:10B9000000000000000000409FED070B10B553EC55
:10B91000102B9FED070B51EC100BF4F7FFFD41ECE2
:10B92000100B10BD0000000000000000000000002F
:10B93000000000000000F03F10B553EC102B51EC5C
:10B94000100BF4F7D2FC41EC100B10BD10B553EC0A
:10B95000112B51EC100BF4F7C8FC41EC100B10BD8F
:10B960009FED050B10B553EC102B51EC100BF4F7B9
:10B97000D5FD41EC100B10BD0000000000000000E0
:10B980009FED050B10B553EC102B51EC100BF4F799
:10B9900053FD41EC100B10BD0000000000000070D2
:10B9A0009FED050B10B553EC102B51EC100BF4F779
:10B9B00043FD41EC100B10BD000000000000001022
:10B9C00002E008C8121F08C1002AFAD17047704768
:10B9D000002001E001C1121F002AFBD170470000C6
:10B9E0000149086070470000640300202DE9FF5FF3
:10B9F00082B00021DDE90430020DDDF840B00343E0
:10BA000018D044F61050A2F2FF3242431514119898
:10BA100001281FD0A5EB0B00401C5FEA000A4FF085
:10BA200000064E4FDFF83891B046504615D5CAF1A2
:10BA3000000413E0119801244AA3012801D16FEA00
:10BA40000B010298119AC0E90031C0E9024206B028
:10BA5000BDE8F09FCBF10000DFE704460021404A3B
:10BA6000491842EB0450CDE9001012E0E00707D07E
:10BA700032463B4640464946F4F7DEFC804689465E
:10BA800032463B4610461946F4F7D6FC06460F46AA
:10BA90006410002CEAD1DDE90401DDE90023BAF1EC
:10BAA000000F06DAF4F7C8FC42464B46F4F7C4FC34
:10BAB00005E0F4F733FD42464B46F4F72FFD04460C
:10BAC0000E460022284BF4F791FF03D84FF0FF30C9
:10BAD000014607E00022254B20463146F4F705FCDD
:10BAE000F4F76BFF102409E0002C0ADB0A22002384
:10BAF000F4F705FE039B30321A55641E50EA01022A
:10BB0000F2D1641C039AC4F111031444119A012A5E
:10BB100003D0012208430DD10AE0084304D00020DD
:10BB20004FF0110B119072E7A3EB0B056D1E0DE0AA
:10BB30005B4504DD4FF0000205F1010504E003DA86
:10BB40004FF00002A5F10105002AECD002981199EE
:10BB5000C0E90231C0E9004579E700000000144067
:10BB60000000F03F300000000000F0430000E03F24
:10BB70002DE9FF4F95B09B468946064600250FE20A
:10BB8000252877D100242746F84A0121059400E0B2
:10BB9000044316F8013F203B01FA03F01042F7D1AD
:10BBA00030782A2811D06FF02F033078A0F13002BE
:10BBB000092A16D8059A44F0020402EB820203EB2C
:10BBC00042021044761C0590EFE759F8042B0592C9
:10BBD000002A03DA504244F40054059044F0020471
:10BBE000761C30782E2816D116F8010F44F0040484
:10BBF0002A280DD06FF02F023078A0F13003092BE6
:10BC000009D807EB870302EB4303C718761CF3E759
:10BC100059F8047B761C30786C280FD006DC4C2851
:10BC200017D068280DD06A2814D104E0742810D0E9
:10BC30007A280FD10DE044F400140AE044F4801493
:10BC400001E044F440147278824202D104F5801479
:10BC5000761C761C307866280BD013DC582877D0F9
:10BC600009DC002875D04528F6D04628F4D04728AE
:10BC70001AD19DE118E0632835D0642879D0652871
:10BC800012D195E1702873D008DC6728F1D06928BB
:10BC90006FD06E280DD06F2806D1B5E073282CD058
:10BCA000752875D0782874D05A46179990476D1C1E
:10BCB00075E1C4F30250022809D003280DD0D9F849
:10BCC000001004280DD00D6009F1040967E1D9F8CE
:10BCD0000010EA17C1E90052F6E7D9F800100D800C
:10BCE000F2E70D70F0E719F8041B8DF80010002042
:10BCF0008DF80100EA46012003E059F804AB4FF04B
:10BD0000FF3061074FF0000102D40DE008F101019E
:10BD10008846B9420FDA8045F8DB1AF80810002986
:10BD2000F4D108E008F1010188468142FADB1AF8F3
:10BD300008100029F6D105985B46A0EB08072146BC
:10BD40003846179A00F094FA284400EB080507E0FB
:10BD50004DE029E10DE01AF8010B5A46179990477A
:10BD6000B8F10108F7D25B4621463846179A13E12D
:10BD700042E00A220092C4F302524FF0000A022A63
:10BD800008D059F804CB032A4FEAEC710AD00DE031
:10BD900029E02AE009F1070121F00702F2E802C1D7
:10BDA000914609E00FFA8CFC4FEAEC71042A03D1AA
:10BDB0004FFA8CFC4FEAEC71002907DA0A460021A1
:10BDC000DCF1000C61EB02012D2202E0220504D51A
:10BDD0002B228DF80420012203E0E20701D020226B
:10BDE000F7E7904659E00A2102E010220DE0102109
:10BDF0004FF0000A00910BE010224FF0000A44F0CF
:10BE000004040827009203E008224FF0000A009281
:10BE1000C4F30252022A05D059F804CB0021032AA8
:10BE200008D009E009F1070121F00702F2E802C198
:10BE3000914605E01FFA8CFC042A01D10CF0FF0C9E
:10BE40004FF00008220728D5702806D0009B83F009
:10BE5000100353EA0A0305D00EE040228DF80420B7
:10BE6000012208E05CEA010206D030228DF80420AD
:10BE70008DF8050002229046009B83F0080353EAE8
:10BE80000A030AD15CEA010201D1620705D530221A
:10BE90008DF804204FF001087F1E582804D034A0EC
:10BEA00003900EA802900DE036A0F9E753466046D5
:10BEB000009AF4F724FC84460398825C0298401EA2
:10BEC000029002705CEA0100F0D1029806A9081AFB
:10BED00000F1200A600702D524F4803400E0012735
:10BEE000574502DDA7EB0A0000E0002000EB0A0145
:10BEF000009005984144401A0590E00306D45B4643
:10BF00002146179A059800F0B3F90544002706E08A
:10BF100001A85A46C05D179990476D1C7F1C474584
:10BF2000F6DBE0030CD55B462146179A059800F036
:10BF30009FF9054404E030205A46179990476D1C3C
:10BF40000099481E00900029F5DC08E0029802994B
:10BF50005A460078491C0291179990476D1CBAF116
:10BF60000001AAF1010AF1DC65E1000009280100E5
:10BF7000303132333435363738396162636465665F
:10BF80000000000030313233343536373839414221
:10BF9000434445460000000000F058F90544761C73
:10BFA000307800287FF4ECAD19B02846BDE8F08F5A
:10BFB000620700D4062709F1070222F0070CFCE80B
:10BFC0000223E14603F000485FEA080C02D00FF2BA
:10BFD000702C0DE05FEA045C02D50FF2682C07E0DC
:10BFE0005FEAC47C02D00FF2602C01E0AFF2700C6B
:10BFF0004FF0FF3823F00043CDF850C065280CD037
:10C0000006DC452809D046281DD047283DD13DE013
:10C01000662818D067287ED138E00021112F01DB77
:10C02000112000E0781CCDE9000106A90EA8FFF759
:10C03000DDFCDDE90F010E9A03910021009207F16A
:10C04000010A04914DE04FF000400097CDE9011046
:10C0500006A90EA8FFF7CAFCDDE90F0203920E9BAA
:10C0600011990022DDF80CA00093049211B9791CFB
:10C0700000EB010AB7EB0A0004D4C0F1FF3007F16E
:10C08000010A0490AAEB0700019044E0012F00DAB6
:10C0900001270021112F01DD112000E03846CDE9F4
:10C0A000000106A90EA8FFF7A1FCDDE90F010E9A19
:10C0B0000391002104910092BA4621070CD4039900
:10C0C000514500DA8A46BAF1010F05DD009AAAF15E
:10C0D0000101515C302908D0B84202DA10F1040F96
:10C0E00006DA0121CDE9011015E0AAF10101E9E725
:10C0F000002805DC049901440491AAEB000102E048
:10C10000411C514500DD8A460499401A401C0190AB
:10C110004FF000400290200704D40198504501DB05
:10C12000CDF8048000208DF84F0002980DF14F07E4
:10C13000B0F1004F25D02B200E9002984FF002084E
:10C1400000280CDA404202902D200E9007E00A21D0
:10C150000298F4F7BEFA3031029007F8011DB8F1E9
:10C160000001A8F10108F2DC02980028EFD1791E45
:10C170000E980870307800F0200040F0450007F875
:10C18000020D12A8C01B00F107081498007800B136
:10C19000012000EB0A01019801EBE0710598414490
:10C1A000401A401E0590E00306D45B462146179ACC
:10C1B000059800F05DF805441498007818B15A46C7
:10C1C000179990476D1CE00324D55B462146179ACA
:10C1D000059800F04DF805441CE00498002807DBA2
:10C1E000DDE90301884203DD0098405C179901E016
:10C1F000179930205A469047049805F10105401CD4
:10C2000004900198401E019004D12E205A4617999F
:10C2100090476D1CBAF10001AAF1010ADDDC05E0CE
:10C2200017F8010B5A46179990476D1CB8F1000199
:10C23000A8F10108F4DC5B462146179A0598ABE6A5
:10C240002D0000002B000000200000002DE9F0412F
:10C25000044600251E461746880404D405E03946E6
:10C260002020B0476D1C641EF9D52846BDE8F0813A
:10C270002DE9F041044600251E469046C80301D52D
:10C28000302700E02027880404D505E041463846E1
:10C29000B0476D1C641EF9D52846BDE8F08100004A
:10C2A0002DE9F0414C48B0F9201000EE101AF8EEDC
:10C2B000C00A9FED4A1AB0F9220080EE810A00EE12
:10C2C000900AF8EEE01AC1EE810AB5EEC00AF1EE6E
:10C2D00010FA02DD30EEC00A01E030EE800A404E76
:10C2E00001230021D6ED020A3E4AF5EEC00AF1EE26
:10C2F00010FA18D13C4CD4ED020AF5EEC00AF1EE6A
:10C3000010FA10D1394DD5ED020AF5EEC00AF1EE62
:10C3100010FA08D1DFF8D880D8ED020AF5EEC00A8D
:10C32000F1EE10FA04D0137051709170D17051E099
:10C330001078304F01283DD05170D078002837D088
:10C3400010EE100AB84245DD96ED010ABDEEC00AB6
:10C3500010EE100A00F08EFA4FF49676B0421DD817
:10C3600094ED010ABDEEC00A10EE100A00F082FA48
:10C37000B04213D895ED010ABDEEC00A10EE100AC6
:10C3800000F078FAB04209D898ED010ABDEEC00A73
:10C3900010EE100A00F06EFAB0421BD91089401C52
:10C3A00080B21081B0F57A7F02D9D170937011718B
:10C3B000BDE8F0815078401CC0B25070FA28BCD360
:10C3C00010EE100AB84202DD9370117100E0D370D4
:10C3D0001170B2E71181EBE7F85E0020E1FAD0447A
:10C3E000E45C002054020020F85C00200C5D00207A
:10C3F000205D0020CDCC0C4108B500F02DFA0A4C90
:10C4000000903221684603F019FC20680028F8D11A
:10C4100000F00CF8FAF7DAFEFBF78EF9FBF7AAF951
:10C42000F5F70AFBEDE70000140200202DE9F041CA
:10C43000A54C7B202DED068BF5EE004AF6EE00AA0A
:10C4400020767D20A24EDFF88C8284F82E00D6ED77
:10C45000000A98ED001A9D489F4F70EE811A0178EE
:10C4600097ED003A9D489E4A31EE830AD0ED002AAE
:10C470009C4B30EE220A20EE240A9FED9B8A61EE4F
:10C48000AA1A92ED002A20EE080A002561EE881A09
:10C490000829FDEEC03A93ED000AFDEEE11A32EEF6
:10C4A000004A31EE602A70D2DFE801F00421F0F09A
:10C4B000F2F004F230EEC10A13EE900A608330EE1F
:10C4C000030A30EE620A20EE240A20EE080ABDEECE
:10C4D000C00A10EE100AB1EE600AA08330EE410AE5
:10C4E00030EE030A30EE220A20EE240ADEE09FED51
:10C4F0007F0BFEF749FD9FED7F1B51EC100B53ECBA
:10C50000112BF3F799FF97ED00AAD8ED008A41ECC3
:10C51000190B3AEE680A20EE2A0A10EE100AF4F718
:10C52000A9F853EC192BF3F7F9FF9FED741B53ECAB
:10C53000112BF3F781FFF4F77EF8608396ED000A84
:10C54000B0EE001AF0EE680A50EE010A30EE280A4A
:10C5500070EECA1AF0EE080A81EEA01A21EE081A4F
:10C56000BDEEC11A11EE100A30EE0A1AA08365481A
:10C5700081EE200A90ED001AC0EE010A20EE880A32
:10C58000BDEEC00A10EE100AE0835F48DFF87CC100
:10C59000B0F920606684C18B49420BB2A384B0F924
:10C5A0002220E284B0F91A102185078B7F423FB226
:10C5B00067859CF800C0BCF1000F68D0A585544881
:10C5C00090ED000A20EE080ABDEEC00A10EE100A37
:10C5D0002084257E257084F801C0658B4FEA152CD8
:10C5E00084F802C0E570A58B4FEA152C84F804C0CE
:10C5F0006571E58B4FEA152C84F806C0E571350AA4
:10C60000257266721D0AA572E372130A23736273A0
:10C610000A0AA273E173390A21746774A18D0A0AA8
:10C62000A274E174010A2175607501211620F5F7E5
:10C630008DFAA07594F82E00E075234C7C235234BB
:10C640007F202372E07333483349344A90ED000A67
:10C65000BDEEC00A10EE100A6081097821731278CD
:10C6600062732370030A6370A070E1702C4822711A
:10C670000121007860710620F5F784FAA071E07B53
:10C68000E071BDEC068BBDE8F08101E011E017E040
:10C69000B1EE410A13EE900A30EE600A6083A58382
:10C6A00030EE030A30EE220A20EE2A0AC0EE040A17
:10C6B00064E7C2EE000A11EE900A6083A5835DE78D
:10C6C000808BA0857BE70000BE080020FD010020D4
:10C6D000E45C0020F85C00200C5D0020205D002060
:10C6E000400200203C02002000007A4400000000CC
:10C6F00000000840000000000000E03F00000000D3
:10C7000000408F4044020020F85E0020FC01002021
:10C710001800002008010020190100201801002045
:10C720000501002010B504460420F9F7DDFC0A4895
:10C730004FF47A71047014FB01F1012242804FF032
:10C74000E020026942F0020202614161016941F0A8
:10C750000101016110BD00006C01002070B50446AC
:10C7600004F0B2F801280CD0094D6888844203D344
:10C77000B4FBF0F003F02CFA6888B4FBF0F100FB96
:10C7800011444FF47A706043BDE8704000F002B885
:10C790006C01002070B54FF0E02500216C69094A5A
:10C7A000AB6912785043AA699A42FCD002D2A3EB3B
:10C7B000020302E0A4EB020633441944134681420B
:10C7C000F1D370BD6C01002082B0CDE9000121F0F1
:10C7D000004001909DED000B02B051EC100B704732
:10C7E000B5EEC00AF1EE10FA01DAB1EE400A704778
:10C7F00004490A885206FCD5024AC1B2121D1180B2
:10C80000704700000044004010B5002821D0114BB3
:10C810000022001F196803E0814203D80A464968D4
:10C820000029F9D152B11368841A9C4204D10068DE
:10C8300018441060104602E0506000E0186039B102
:10C8400002680B1A934203D10B681A4402604968CC
:10C85000416010BD5C03002010B504F035F80128DC
:10C8600003D0BDE8104004F03DB80148406810BD59
:10C870006C010020002800DA4042704710B500210A
:10C88000D020F7F70BFBEA2803D1BDE8104000F0F9
:10C89000D7B810BD2DE9F04786B081460020884604
:10C8A0000090019002900390049092462E21D02097
:10C8B000F7F7F4FA60F307042D21D020F7F7EEFA2A
:10C8C00060F30F24ADF800403021D020F7F7E6FAEE
:10C8D00060F307042F21D020F7F7E0FA60F30F246C
:10C8E000ADF802403221D020F7F7D8FA60F3070400
:10C8F0003121D020F7F7D2FA60F30F24ADF80440CD
:10C900000F4D00246E4602AF04EBC40005EB40005F
:10C9100007EB840336F91420811C00F013F8641C23
:10C92000E4B2032CF0D30298A9F800000398A8F809
:10C9300000000498AAF8000006B0BDE8F0870000E7
:10C940005609002030B504786500641C04704A5311
:10C95000027802F0070202700020186031F91040DE
:10C960001A68401C2244C0B21A600828F6D3D010BE
:10C97000186030BD2DE9F04786B08046002089461A
:10C980002D490090019002900390049008889246EF
:10C99000401C08803421D020F7F780FA60F30704A8
:10C9A0003321D020F7F77AFA60F30F24ADF8004076
:10C9B0003621D020F7F772FA60F307043521D02032
:10C9C000F7F76CFA60F30F24ADF802403821D0205D
:10C9D000F7F764FA60F307043721D020F7F75EFA1F
:10C9E00060F30F24ADF80440144D00246E4602AFEE
:10C9F00004EBC40005EB400007EB840336F9142078
:10CA0000811CFFF79FFF641CE4B2032CF0D30A489B
:10CA1000029908300288891AA8F800104288039900
:10CA2000891AA9F8001080880499081AAAF8000049
:10CA300006B0BDE8F0870000380100202009002082
:10CA4000FEB500227F21D020F7F710FB012206213E
:10CA5000D020F7F70BFB0A20FFF780FE012206210A
:10CA6000D020F7F703FB20227F21D020F7F7FEFA32
:10CA700007220021D020F7F7F9FA33220121D02034
:10CA8000F7F7F4FA07221121D020F7F7EFFA312255
:10CA90001421D020F7F7EAFA00227F21D020F7F7FF
:10CAA000E5FA6420FFF75AFE0020ADF80000ADF86B
:10CAB0000400ADF80800074606460546044602AAEB
:10CAC00001A96846FFF756FFBDF900000744BDF90C
:10CAD00004000644BDF9080005440A20FFF73EFEA5
:10CAE000641CE4B2202CEAD30A4879116B46018019
:10CAF0007111418069118180022200218C2000F097
:10CB00000BF803B00822BDE8F04031210C2000F002
:10CB100059B80000400100202DE9F04115460C46AF
:10CB200007461E4630227F21D020F7F79FFA3A466B
:10CB30000321D020F7F79AFA22460421D020F7F7F4
:10CB400095FA45F080020521D020F7F78FFA0022F0
:10CB50007F21D020F7F78AFA0321D020F7F79EF93A
:10CB600040F0200422460321D020F7F77FFA052069
:10CB7000FFF7F4FD24F020020321D020F7F776FA26
:10CB8000002408E004F13B00C1B2D020F7F786F999
:10CB90003055641CE4B2AC42F4D330227F21D02063
:10CBA000F7F764FA0521D020F7F778F90246052156
:10CBB000D020F7F75BFABDE8F04100227F21D020BA
:10CBC000F7F754BA70B516460C46054630227F2159
:10CBD000D020F7F74BFA2A460721D020F7F746FA7C
:10CBE00022460821D020F7F741FA32460A21D02008
:10CBF000F7F73CFA81220921D020F7F737FA002213
:10CC00007F21D020F7F732FA0321D020F7F746F939
:10CC100040F0200422460321D020F7F727FA052010
:10CC2000FFF79CFD24F020020321D020F7F71EFA25
:10CC300030227F21D020F7F719FA0521D020F7F70D
:10CC40002DF902460521D020F7F710FABDE8704013
:10CC500000227F21D020F7F709BA00000C4C0D4EBE
:10CC60000D4D0E4F3078012802D0022806D00AE080
:10CC7000D4F8B002C043C4F8B00204E0D5F8A00272
:10CC8000C043C5F8A002386802F0A2FFEAE700003E
:10CC900000004042345D002000004242400000207D
:10CCA0001CB502F0C3FB07490120CDE900010202D7
:10CCB000002305A1074803F0DBFD03F03FF9002046
:10CCC0001CBD00000000002073746172745F746109
:10CCD000736B000029F00008F0B50B30154D20F003
:10CCE00007010024144A0FE003688B420BD38B42E8
:10CCF00005D95E1A43184768C3E9006700E0436836
:10CD0000136002C004E0021D10680028ECD1204628
:10CD1000002802D1286808B10020F0BD064A074863
:10CD20001060074A121A22F00702C0E9002401200D
:10CD30002860D7E7600300205C030020A470002077
:10CD4000A072002018B17F2803D87F3002E07F2036
:10CD500070478038C0B270470346012000E0584356
:10CD6000491EC9B2FBD270472DE9F04F40F20510C1
:10CD70002DED028B81B0FE4C0A2120600920F6F7D0
:10CD8000BBF8FC490860216890FBF1F5072D00DD38
:10CD900007254FF48061F848F3F787FAF748F84E13
:10CDA000DFF8E0830068DFEDF88A9FEDF88ADFF8AE
:10CDB000E0A3F84F0C2430B1DFF8DC9399F80000C1
:10CDC00000287DD0FDE3DFF8D49399F80100012815
:10CDD00014D1F348009007236A2202211620F7F7A6
:10CDE000DFFE99F802004946401CC0B289F80200F3
:10CDF000142866D30020887089F8010099F8000093
:10CE0000DFF8A0B3002861D001285AD1E6A20021A2
:10CE10000720F8F721F9E8480094012302780A2155
:10CE20000920F8F7DDF8E5480094012302780A218B
:10CE30002720F8F7D5F8E2480094012302780A2168
:10CE40004520F8F7CDF8DF480094012302780A2145
:10CE50006320F8F7C5F8DCA21E210020F8F7FCF8E3
:10CE6000DBA21E214B20F8F7F7F8DBED000A0223C6
:10CE70001E2180EE880A1A46084601F0E1F9D5A283
:10CE800032210020F8F7E8F8D34D009403232A78E4
:10CE900032211820F8F7A4F800946A78032332218D
:10CEA0003020F8F79DF80094AA7803233221482017
:10CEB000F8F796F8009403233221EA78602001E025
:10CEC000EFE3EFE3F8F78CF801F0CEB8C34890ED4C
:10CED000000ADFEDC30A4FF48061A74820EE200A64
:10CEE000BDEEC00A89ED060AF3F7DFF9A348006832
:10CEF0000028E9D1BB48007808B1BBA216E0082D94
:10CF000018D2DFE805F00406080A0C0E1012B8A2C9
:10CF10000CE0B9A20AE0BAA208E0BBA206E0BCA2FB
:10CF200004E0BDA202E0BEA200E0BFA200210846CC
:10CF3000F8F792F8BE4D287870B101280CD0062879
:10CF40000AD002284ED003284CD004284AD0052805
:10CF500048D0072846D075E3B6480078C8B1A5A2E6
:10CF600000215020F8F778F8B3A200215520F8F7F7
:10CF700073F8B2A200213C20F8F76EF8DBED000A4E
:10CF80000223012280EE880A00215A2001F058F97C
:10CF900048E0ACA200214C20F8F75EF895A20021F1
:10CFA0007820F8F759F8A9A200213C20F8F754F8A6
:10CFB000B7F91C00002809DAA5A200215020F8F7D3
:10CFC0004BF80094B7F91C00424207E0A1A20021EF
:10CFD0005020F8F741F80094B7F91C2005230021F0
:10CFE0005A201DE09CA200213720F8F735F8B7F948
:10CFF0000400002809DA96A200215A20F8F72CF83C
:10D000000094B7F90400424207E092A200215A209E
:10D01000F8F722F80094B7F90420032300216420D4
:10D02000F7F7DEFF287870B101280CD004280AD069
:10D03000062808D0072806D002284FD003284DD054
:10D0400005284BD0FEE262A20A210020F8F704F87E
:10D0500096ED020AB5EEC00AF1EE10FA0AD27CA2F1
:10D060000A210F20F7F7F8FF009496ED020A20EE50
:10D07000280A09E077A20A210F20F7F7EDFF0094B4
:10D0800096ED020A20EE080A05230A211420BCEEC0
:10D09000C00A10EE102AF7F7A3FF96ED000AB5EECE
:10D0A000C00AF1EE10FA0AD269A20A213C20F7F771
:10D0B000D3FF009496ED000A20EE280A09E065A24D
:10D0C0000A213C20F7F7C8FF009496ED000A20EEF5
:10D0D000080ABCEEC00A10EE102A1AE060A20A216B
:10D0E0000020F7F7B9FFB7F91C00002809DA58A2A9
:10D0F0000A213C20F7F7B0FF0094B7F91C00424228
:10D1000007E054A20A213C20F7F7A6FF0094B7F9E4
:10D110001C2005230A214B20F7F762FF28782F46B1
:10D1200070B101280CD004280AD0072808D006289E
:10D1300006D002281AD0032818D0052816D081E27C
:10D1400049A214210020F7F787FF98ED020A45460F
:10D15000B5EEC00AF1EE10FA09D23DA214210F205B
:10D16000F7F77AFF009495ED020A7FE004E180E092
:10D17000200200205002002074030020140200202E
:10D18000E45C0020F85C002000007AC400007A44CF
:10D19000205D0020F85E0020285F0020A002002013
:10D1A000E8270108080100204C4120204C422020A3
:10D1B000524220205241000034010020350100205D
:10D1C00036010020370100206375723A000000002C
:10D1D0004100000049503A00D8000020180000200B
:10D1E0000000C8420501002052434D20000000000D
:10D1F0004D656320200000004F6D6E692000000027
:10D20000416B6D202000000044696666200000002C
:10D21000345744202000000054616E6B2000000051
:10D220004D65632D560000003457442D5600000014
:10D23000FD01002018010020202020004375723AD3
:10D24000000000002020202000000000475A0000BD
:10D250002D0000002B000000424941530000000057
:10D260004759524F5F5A3A004200000020EE280A08
:10D270000AE0AFF2200214210F20F7F7EDFE009430
:10D2800095ED020A20EE080A142105230846BCEE9B
:10D29000C00A10EE102AF7F7A3FE95ED000AB5EECE
:10D2A000C00AF1EE10FA0BD2AFF25C0214213C205E
:10D2B000F7F7D2FE009495ED000A20EE280A0AE066
:10D2C000AFF2700214213C20F7F7C6FE009495EDF2
:10D2D000000A20EE080A052314214B20BCEEC00AE8
:10D2E00010EE102AF7F77CFEFEA21E210020F7F7B1
:10D2F000B3FEFD4D9BE0BCEEC00A05231E2110EEDF
:10D30000102A1420F7F76CFE95ED000AB5EEC00A5E
:10D31000F1EE10FA0BD2AFF2C8021E213C20F7F753
:10D320009BFE009495ED000A20EE280A0AE0AFF279
:10D33000DC021E213C20F7F78FFE009495ED000AD9
:10D3400020EE080A05231E214B20BCEEC00A10EE79
:10D35000102AF7F745FE3878E8B304283BD00628B2
:10D3600039D0072837D0012874D0022873D0032879
:10D3700072D00528FCD065E1DCA214210020F7F76B
:10D380006BFE96ED020AB5EEC00AF1EE10FA0BD272
:10D39000AFF2441214210F20F7F75EFE009496EDD1
:10D3A000020A20EE280A0AE0AFF2581214210F20D8
:10D3B000F7F752FE009496ED020A20EE080A1421B7
:10D3C00005230846BCEEC00A10EE102AF7F708FE47
:10D3D00096ED000A00E04CE0B5EEC00AF1EE10FA5E
:10D3E0000BD2AFF2941214213C20F7F735FE0094D3
:10D3F00096ED000A20EE280A0AE0AFF2A8121421E6
:10D400003C20F7F729FE009496ED000A20EE080A6A
:10D41000052314214B20BCEEC00A10EE102AF7F7AA
:10D42000DFFDB3A21E210020F7F716FE454695ED5D
:10D43000020AB5EEC00AF1EE10FA0ED2AFF2F01207
:10D440001E210F20F7F708FE009495ED020A20EE4A
:10D45000280A50E760E07EE09DE0AFF208221E213E
:10D460000F20F7F7F9FD009495ED020A20EE080A67
:10D4700041E7A0A228210020F7F7EEFD9AED020A6D
:10D480005546B5EEC00AF1EE10FA0BD2AFF24022CB
:10D4900028210F20F7F7E0FD009495ED020A20EE19
:10D4A000280A0AE0AFF2542228210F20F7F7D4FD12
:10D4B000009495ED020A20EE080A05232821142085
:10D4C000BCEEC00A10EE102AF7F78AFD95ED000AAF
:10D4D000B5EEC00AF1EE10FA0BD2AFF28C22282181
:10D4E0003C20F7F7B9FD009495ED000A20EE280ADC
:10D4F0000AE0AFF2A02228213C20F7F7ADFD00940E
:10D5000095ED000A20EE080ABCEEC00A10EE102AC3
:10D51000052328214B2093E077A228210020F7F74C
:10D520009BFD774DB5F91A0000280ADAAFF2E02228
:10D5300028213C20F7F790FD0094B5F91A004242EB
:10D54000E6E7AFF2F02228213C20F7F785FD0094B2
:10D55000B5F91A20DCE76BA228210020F7F77CFD43
:10D560006A4D286800280ADAAFF21C3228213C20D4
:10D57000F7F772FD009428680423424208E0AFF2F6
:10D580002C3228213C20F7F767FD00942A680423F9
:10D590002821502054E05EA228210020F7F75CFDEE
:10D5A00096ED010AB5EEC00AF1EE10FA0DD2AFF217
:10D5B000603228211420F7F74FFD009496ED010A00
:10D5C00000E00DE1B1EE400A08E0AFF27832282128
:10D5D0001420F7F741FD009496ED010A0423282159
:10D5E000BCEEC00A1E2010EE102AF7F7F9FC49A283
:10D5F00028213C20F7F730FD98ED010A4546B5EEAD
:10D60000C00AF1EE10FA0BD2AFF2BC322821502042
:10D61000F7F722FD009495ED010AB1EE400A08E00B
:10D62000AFF2D03228215020F7F716FD009495ED87
:10D63000010A04232821BCEEC00A5A2010EE102A49
:10D64000F7F7CEFC34480078012813D0334800782F
:10D65000012811D03248007801280FD031480078D5
:10D6600001280DD03048314900780978084309D0A5
:10D670002FA20CE030A20AE031A208E032A206E0BC
:10D6800033A204E03448007801280CD033A23221C0
:10D690000020F7F7E1FC3348D0F80C02012804D051
:10D6A00006E089E0F9E330A2F1E730480078B8B14C
:10D6B0002FA232212D20F7F7CFFCD9F818006425CE
:10D6C00090FBF5F24E46022332214B200094F7F7EF
:10D6D00087FC28A232215820F7F7BEFCB0694BE046
:10D6E00068E00000430000000C5D00204C3A0000A0
:10D6F000523A0000440000004D4F56455F5A00006A
:10D70000BE080020534552564F3A00002402002024
:10D710004D4100004D4200000C0200200D0200208F
:10D720000E0200200F0200204802002049020020C3
:10D730005553415254000000505332202000000045
:10D740004150502020000000522D432020000000B6
:10D7500043414E202000000004010020524F53207E
:10D7600020000000008041426E617600FC01002034
:10D770004F4646002E00000090FBF5F105FB11021C
:10D780000223322162200094F7F72AFCAFF26C5298
:10D7900032216E20F7F760FCB06990FBF5F105FBD4
:10D7A00011000A287EDA0223002232215C20009434
:10D7B000FFF785BBF2A27CE70021F2A20846F7F74B
:10D7C00015FBF5A210210020F7F710FBF7A220218E
:10D7D0000020F7F70BFBFAA232216820F7F73CFC98
:10D7E00099F80000012824D1F7F774FCF5A209216B
:10D7F0000820F7F711FB082D0CD2DFE805F004062E
:10D800001F2123252729F3A200E0F4A20A215C208E
:10D81000F7F722FCF3A216210C20F7F7FDFAF6A287
:10D8200022210020F7F7E2FAF8A232216820F7F768
:10D8300013FC99F8000002280CD01FE0F4A2E5E7E1
:10D84000F5A2E3E7F6A2E1E7F7A2DFE7F8A2DDE75A
:10D85000F9A2DBE7FAA200211820F7F7C7FAFBA22A
:10D8600010210020F7F7C2FAFDA220211820F7F7B7
:10D87000BDFAFEA232216820F7F7EEFB99F800000E
:10D8800003287DD196ED000AB5EEC00AF1EE10FA3C
:10D890000CD2F7A205210020F7F7DEFB009496EDED
:10D8A000000A00E0E0E320EE280A09E0F1A20521E9
:10D8B0000020F7F7D1FB009496ED000A20EE080A4D
:10D8C000052319461420BCEEC00A10EE102AF7F703
:10D8D00087FB98ED000A4646B5EEC00AF1EE10FA55
:10D8E0000AD2E5A205214620F7F7B6FB009496ED93
:10D8F000000A20EE280A09E0E0A205214620F7F7F9
:10D90000ABFB009496ED000A20EE080A05231946A9
:10D910005A20BCEEC00A10EE102AF7F761FBD84E71
:10D9200096ED000AB5EEC00AF1EE10FA0AD2D5A2C1
:10D9300014210020F7F790FB009496ED000A20EEEA
:10D94000280A09E0D0A214210020F7F785FB0094F3
:10D9500096ED000A20EE080A142105230846BCEEC5
:10D96000C00A10EE102AF7F73BFB9AED000A564664
:10D97000B5EEC00AF1EE10FA0CD2C4A2142100E0F8
:10D9800025E04620F7F768FB009496ED000A20EEAC
:10D99000280A09E0BEA214214620F7F75DFB009497
:10D9A00096ED000A20EE080A052314215A20BCEE49
:10D9B000C00A10EE102AF7F713FBA9A220211820A5
:10D9C000F7F714FAA9A232216820F7F745FB99F876
:10D9D00000004E4604280ED10021AEA20846F7F7FB
:10D9E00005FAB1A220210020F7F700FAB3A23221F4
:10D9F0006820F7F731FB307805287DD10021B0A2EF
:10DA00000846F7F7F3F9B3A210210020F7F724FB3B
:10DA1000B7F9180000280ADAAFF2CC7210210846D4
:10DA2000F7F71AFB0094B7F91800424208E0AFF28A
:10DA3000DC7210210846F7F70FFB0094B7F91820A5
:10DA4000052310211820F7F7CBFAB7F91A000028A0
:10DA50000ADAAFF604021A211020F7F7FDFA009453
:10DA6000B7F91A00424208E0AFF618021A21102056
:10DA7000F7F7F2FA0094B7F91A2005231A211820B3
:10DA8000F7F7AEFAB7F91C0000280ADAAFF6400241
:10DA900024211020F7F7E0FA0094B7F91C00424265
:10DAA00008E0AFF6500224211020F7F7D5FA0094D1
:10DAB000B7F91C20052324211820F7F791FA86A234
:10DAC00010214020F7F7C8FA83A21A214020F7F767
:10DAD000C3FA81A224214020F7F7BEFAAFF6101254
:10DAE00010214820F7F7B8FAB7F91E0000280CDA21
:10DAF000AFF6A402102100E006E15020F7F7ACFADF
:10DB00000094B7F91E00424208E0AFF6B8021021B7
:10DB10005020F7F7A1FA0094B7F91E200523102131
:10DB20005820F7F75DFAB7F9200000280ADAAFF6B7
:10DB3000E0021A215020F7F78FFA0094B7F920007D
:10DB4000424208E0AFF6F4021A215020F7F784FAB7
:10DB50000094B7F9202005231A215820F7F740FA3E
:10DB6000B7F92200002809DAAFF61C122421502050
:10DB7000F7F772FA0094B7F92200AFE0B0E00000C6
:10DB80004F204E00C7EBCFC8D4C4B6C1CAB9D3C367
:10DB9000CAD6B2E1000000002020B5A5BBF7D3C370
:10DBA000BBA7B0B4BCFC2020000000002020202037
:10DBB000C8B7C8CFBFAACABC2020202000000000E0
:10DBC000302F3800C7EBD7AAB6AFB5E7CEBBC6F744
:10DBD000A3BA00004D656320000000004F6D6E6920
:10DBE00000000000CDCBB3F6C7B0D0E8B5F7BBD886
:10DBF000D4ADB3B5D0CD00002020C4A3CABDA3BA14
:10DC0000B5E7CEBBC6F7202000000000312F38005A
:10DC1000416B6D2000000000446966660000000052
:10DC2000345744200000000054616E6B0000000077
:10DC30004D65635600000000345744560000000054
:10DC4000BCDCBFD5B3B5C2D6BAF30000B5A5BBF7EF
:10DC5000BFAACABCB8DFCBD9D7AAB6AF00000000B4
:10DC6000C4A3CABDA3BAB5E7BBFA0000322F38007F
:10DC7000412D0000412B0000422D0000422B0000EE
:10DC80000C5D0020432D0000432B0000442D0000BC
:10DC9000442B000020202020B5A5BBF7BDF8C8EB21
:10DCA00020202020000000002020C4A3CABDA3BA69
:10DCB000CDD3C2DDD2C7202000000000332F3800B2
:10DCC000BBCEB6AFD0A1B3B5B9DBB2ECCAFDBEDDF9
:10DCD00000000000470000007C000000424208E015
:10DCE000AFF6902224215020F7F7B6F90094B7F947
:10DCF0002220052324215820F7F772F9AFF24402BD
:10DD000032216820F7F7A8F9307806280FD1AFF252
:10DD10007C0200210846F7F769F8D9A220210820E3
:10DD2000F7F764F8DAA232216820F7F795F930782E
:10DD3000072809D0082807D0092805D00A2803D0C9
:10DD40000B2801D00C2851D10021D2A20846F7F7A8
:10DD500083F900940523002110207269F7F740F938
:10DD6000CDA200214020F7F777F900940523002188
:10DD70005020B269F7F734F9C8A20A210020F7F75A
:10DD80006BF9009405230A211020F269F7F728F9AE
:10DD9000C3A20A214020F7F75FF9009405230A2166
:10DDA0005020326AF7F71CF9BEA214210020F7F7C1
:10DDB00053F90094052314211020726AF7F710F923
:10DDC000B9A214214020F7F747F900940523142144
:10DDD0005020B26AF7F704F9A9A220210820F7F72A
:10DDE00005F8ABA232216820F7F736F930780D2814
:10DDF0000FD1AFF2601200210846F6F7F7FFABA291
:10DE000020210020F6F7F2FFADA232216820F7F7BB
:10DE100023F930780E2818D1AAA210211820F6F77D
:10DE2000E5FFAB48D0F8A002012812D0A9A210212A
:10DE30005820F6F7DBFF9DA220210020F6F7D6FF41
:10DE40009FA232216820F7F707F930780F2802D017
:10DE50001FE0A1A2EBE70021A0A20846F6F7C6FF4B
:10DE6000A3A210212020F6F7C1FFA348D0F80C028E
:10DE7000012813D097A210215020F6F7B7FF9FA2D8
:10DE800020210820F6F7B2FFA0A232216820F7F780
:10DE9000E3F83078102803D016E0ECE08EA2EAE731
:10DEA00000219BA20846F6F7A1FF9EA21021182090
:10DEB000F6F79CFF9EA220211820F6F797FF9FA25D
:10DEC00032216820F7F7C8F83078112838D19CA2A1
:10DED00000210820F6F78AFF96F82C00012810D0C0
:10DEE000022810D0032810D0042810D0052810D004
:10DEF000062810D0072810D0082810D0092810D0E4
:10DF000014E093A20EE094A20CE095A20AE096A27F
:10DF100008E097A206E098A204E099A202E09AA283
:10DF200000E09BA210213020F6F760FF80A22021A4
:10DF30001820F6F75BFF81A232216820F7F78CF8F2
:10DF40003078122822D194A200210820F6F74EFF43
:10DF500095A210211420F6F749FF95A21021442024
:10DF6000F7F799F893A210215C20F6F73FFF92A2F1
:10DF700020211420F6F73AFF92A220216420F7F71F
:10DF80008AF891A232216820F7F766F830781328D2
:10DF900027D100218DA20846F6F728FF8DA2002187
:10DFA0002420F7F778F88CA200213020F6F71EFF26
:10DFB0008CA210210820F6F719FF8DA2102148200D
:10DFC000F7F769F87CA220211420F6F70FFF7DA255
:10DFD00020216420F7F75FF87BA232216820F7F751
:10DFE0003BF8307814283AD1002183A20846F6F78E
:10DFF000FDFE86A210210020F6F7F8FE88A220215F
:10E000000C20F6F7F3FE082D24D2DFE805F0040714
:10E010000E1114171A1DAFF2444201E0AFF2444250
:10E0200020215C20F7F737F814E0AFF21C42F7E745
:10E03000AFF21C42F4E7AFF21842F1E7AFF2184238
:10E04000EEE7AFF2144201E0AFF2144220215C206F
:10E05000F7F702F85CA232216820F6F7FDFF73A201
:10E0600032210020F6F7D8FE01B0BDEC028BBDE8EE
:10E07000F04FF6F783BE01B0BDEC028BBDE8F08F28
:10E08000C4A3CABDA3BAC1F9C2B7B6E6BBFA0000C1
:10E09000342F3800313A0000323A0000333A0000A1
:10E0A000343A0000353A0000363A00002020C4A37C
:10E0B000CABDA3BAB7E4C3F9C6F720200000000028
:10E0C000352F3800B7E4C3F9C6F7A3BA0000000043
:10E0D00000004042B9D80000BFAA00002020B2A62C
:10E0E000B6AFCAB9C4DCBFAAB9D82020000000006E
:10E0F000BFAAB9D8A3BA000000804142C4A3CABDD8
:10E10000A3BACAB9C4DCBFAAB9D80000362F3800F8
:10E11000C8B7C8CFC0B6D1C0BAECB5C6B3A3C1C1E9
:10E1200000000000BAF3B5A5BBF7BDF8C8EB0000CE
:10E13000C4A3CABDA3BAC0B6D1C00000372F3800EF
:10E14000D0A1B3B5D0D0B6AFD7B4CCACA3BA000091
:10E15000CFF2C7B000000000D3D2C9CF000000004A
:10E16000CFF2D3D200000000D3D2CFC20000000013
:10E17000CFF2BAF300000000D7F3CFC200000000D6
:10E18000CFF2D7F300000000D7F3C9CF00000000A2
:10E19000CDA3D6B900000000CAB9D3C3CAFDBEDD05
:10E1A000CFDFC1ACBDD30000D6D0BCE4B5C4000005
:10E1B00055534200BFDA0000C4A3CABDA3BAB4AE2F
:10E1C000BFDA000033000000382F3800B7A2CBCDF3
:10E1D0000000000023000000BDE1CEB2B5C4CAFDBE
:10E1E000BEDD0000B2A8CCD8C2CAA3BA00000000AD
:10E1F0003131353230300000BCB4BDABCDCBB3F6DD
:10E20000D6CABCECC4A3CABD00000000C7EBD7AAA5
:10E21000B6AFB5E7CEBBC6F7BBD8B5BD00000000B2
:10E22000B5B1C7B0B3B5D0CDA3BA0000B5A5BBF7A3
:10E23000BCCCD0F8CBABBBF7CDCBB3F60000000025
:10E240002DE9F84F994690468B460546F4F72AFB90
:10E2500004468068012700284FF00C03009701DD79
:10E260002B2200E02D2259462846F6F7EBFD0C261E
:10E27000009605F10800C0B2434659462268F6F7F9
:10E28000AFFE009705EBC807B81DC0B20C232E22C5
:10E290005946F6F7D7FD626807F10C004FF00A0AFD
:10E2A000642A30DA05EBC8051235B9F1030F0FD037
:10E2B000642A06D2C0B20123002259460096F6F71E
:10E2C0008FFE6168E8B291FBFAF20096012315E037
:10E2D000C0B20123002259460096F6F781FE62681B
:10E2E000E8B20A2A009615DA012300225946F6F709
:10E2F00077FE00961837F8B26268E7E75946F6F7F6
:10E300006FFEBDE8F88FB9F1030F05D092FBFAF26A
:10E31000C0B200960223F1E7C0B203230096EDE7F6
:10E32000F8B51D466FF003036FF002064FF00004CE
:10E33000EFF30582A2B1F8B1F1B1EDB9002200927C
:10E340006A4602F0F7F9012818D10098B8B10D49D2
:10E350004FF080500860BFF34F8FBFF36F8F0EE018
:10E3600050B149B100232A4601F09AFF012806D096
:10E3700025B16FF0010402E01C4600E0344620465F
:10E38000F8BD000004ED00E008B51A46EFF3058380
:10E39000C3B1002815D0002913D0002A11D113468B
:10E3A00000926A4602F056F901280AD10098002826
:10E3B00007D008494FF080500860BFF34F8FBFF37C
:10E3C0006F8F08BD0028FCD00029FAD0002302F08E
:10E3D0007DF808BD04ED00E02DE9F041184E0F4630
:10E3E0000446F5683068001D01F068FA38B93068F5
:10E3F00090F82C1001208840316981433161601C04
:10E4000007D137B13168BDE8F0410E48091D01F070
:10E410008DBA30682C44AC424460316805D2B06B90
:10E42000BDE8F041091D01F069BA706B091D01F0EA
:10E4300065FAB06A844200D2B462BDE8F08100009F
:10E44000880100209C0C00202DE9F041054601F0D8
:10E4500079FA2D4EB068401CB06030682B4F10B177
:10E46000706930B32BE03560B068012827D10024F3
:10E4700004EB840007EB800001F032FA641C202CCE
:10E48000F6D3234801F02CFA2148143001F028FA81
:10E490001F48283001F024FA1D483C3001F020FAD2
:10E4A0001B48503001F01CFA194870631430B063F7
:10E4B00005E03068E96AC06A884200D83560706A51
:10E4C0000121401C70626864E86A3269814011432E
:10E4D000316100EB800007EB8000291D01F026FA76
:10E4E00001F06CFA706900280CD03068E96AC06AE3
:10E4F000884207D207494FF080500860BFF34F8F22
:10E50000BFF36F8FBDE8F08188010020CC090020A7
:10E510004C0C002004ED00E010B501F013FA0E4C95
:10E520002068A0B90D4801F0DBF90C48143001F067
:10E53000D7F90A48E060143020610022102105203C
:10E5400001F072FE206010B105A101F00DFBBDE8E5
:10E55000104001F033BA0000C4010020B00C0020CC
:10E56000546D72510000000070B5124E124D1CE047
:10E5700001F02EFD306820B1002402F0D3FAA4B9D6
:10E5800001E00124F9E701F0DDF9F068C468201D1D
:10E5900001F094F9A868401EA8606868401E686091
:10E5A00001F00CFA204600F052F868680028DFD12C
:10E5B00070BD0000880C00208801002030B4026C7F
:10E5C0000B46002A0BD0C1681144C1604468A142C7
:10E5D00001D30168C16030BC1846F1F74DBE30BCB4
:10E5E00070472DE9F041856B174604460026026C02
:10E5F00082B1C7B1E068F1F73FFEE168206C091A0B
:10E60000E1602268914202D26168081AE060022F3C
:10E6100016D017E02068A8B9606802F0DDF9064658
:10E62000002060600EE0A068F1F726FE216CA06873
:10E630000844A0606168884204D32068A06001E0BB
:10E6400005B16D1E6D1CA5633046BDE8F08110B5A7
:10E650000446006B01F0E4F92046BDE8104001F0EB
:10E66000DFB9000010484FF4A041420706D0C01D9A
:10E670000D4920F00700411AC1F5A0410B4A0023C3
:10E680000144C2E900030839103A21F00701116082
:10E690004B600B600B1AC0E9001393604FF0004011
:10E6A0005360D06070470000D80C0020F4010020B7
:10E6B000074E4FF08054074DFFF756FF3068012892
:10E6C000FAD92C60BFF34F8FBFF36F8FF4E70000D0
:10E6D000CC09002004ED00E02DE9F047DDE90984D4
:10E6E0000E461746824691009946089DA522206B4A
:10E6F000F1F7D4FD6FF00301206B01EB87010844B3
:10E7000020F00707780705D040F22B3219A11EA090
:10E71000FBF77EFC00202218315C82F83410315C5B
:10E7200011B1401C1028F6D3002684F84360202D38
:10E7300000D31F25E562C4E91356201D01F0DBF864
:10E7400004F1180001F0D7F82461C5F120006462DB
:10E75000A061666584F858604A465146384600F024
:10E7600059FB2060B8F1000F01D0C8F80040BDE8A7
:10E77000F08700002E2E5C4672656552544F535C44
:10E780007461736B732E63004572726F723A2573F6
:10E790002C25640D0A00000030B5114900E0114637
:10E7A0000A688242FBD34B685C18844203D14068FC
:10E7B00018444860084643681C18944209D1084C24
:10E7C000103C2468A24209D052681A4442600A6888
:10E7D00012680260814200D0086030BD0460F9E731
:10E7E000F401002070B5002441600B4D006191429E
:10E7F00006D8D11A8269914206D2011D286907E024
:10E800009A4203D2994201D3012403E0011DE86832
:10E8100001F074F8204670BDC401002010B5044614
:10E8200001F090F8A06B20B1002401F0C7F8204659
:10E8300010BD0124F9E700002DE9F34100980F46CF
:10E840000026846C2CB940F6CE1216A11AA0FBF754
:10E85000DFFBA06BE16B884205D340F6CF1211A11C
:10E8600015A0FBF7D5FBA06BE16B88420CD294F9A5
:10E8700045503A4669462046FFF7B3FE0646681CF7
:10E8800005D06D1C84F845503046BDE8FC81606AB7
:10E890000028F9D004F1240002F0F8F80028F3D0A1
:10E8A0000126F1E72E2E5C4672656552544F535C8B
:10E8B00071756575652E63004572726F723A2573C6
:10E8C0002C25640D0A000000F8B5054614480E46D4
:10E8D000C068C068C468201D00F0F0FFE06901282E
:10E8E00017D1A0692B46411932462046FFF77AFF1F
:10E8F00078B100200346014600902A46204602F0E7
:10E90000F7F930B907494FF4027201F11800FBF72B
:10E910007FFB616A01B02046BDE8F0400847000077
:10E92000C4010020540C010870B586B02F4E53E08E
:10E930000198002806DADDE90301029A9047019860
:10E94000002849DB039C606910B1201D00F0B6FF70
:10E9500005A800F0A7F8054601980A283CD2DFE890
:10E9600000F00505053B273805053B270298A169FE
:10E97000034601442A462046FFF734FF00282BD0E7
:10E98000616A20468847E069012825D1002000906F
:10E990000298A169002342181946204602F0A8F9FE
:10E9A000D0B940F2213212A117A0FBF731FB13E0DE
:10E9B0000298A06128B94FF44E720DA112A0FBF786
:10E9C00027FBA0692B4641191A462046FFF70AFF8C
:10E9D00002E0204601F024F800231A4601A930681D
:10E9E00001F05EFC0028A3D106B070BDC401002078
:10E9F0002E2E5C4672656552544F535C74696D658A
:10EA000072732E63000000004572726F723A2573B4
:10EA10002C25640D0A000000F8B50D46064601F0ED
:10EA2000D7FA684600F03EF80446009810B102F0AC
:10EA300079F8F8BD1148ADB101690968D9B100256F
:10EA4000311B2A46006801F0A1F802F06BF800289B
:10EA5000EFD10B494FF080500860BFF34F8FBFF3E9
:10EA60006F8FF8BDA642EBD802F05CF82146304625
:10EA7000FFF72AFFF8BD0125E2E70000C4010020EE
:10EA800004ED00E00648416B096829B1416BC96893
:10EA9000C9684968816270474FF0FF31FAE70000AA
:10EAA0008801002070B5054601F01CFF064E0446A3
:10EAB000B068844203D200F009F8012000E0002091
:10EAC00028602046B46070BDC4010020F8B5184E1F
:10EAD00026E0C068C4680568201D00F0EFFE616A8A
:10EAE00020468847E06901281AD1A0692844A84235
:10EAF00006D924616060211DF06800F0FFFE0FE080
:10EB000000200346014600902A46204602F0F0F815
:10EB100030B9084940F2923201F11800FBF778FA57
:10EB2000F06801680029D4D13169C6E90310F8BD45
:10EB3000C4010020540C010808484068401C05D05E
:10EB400040F20F1206A111A0FBF762FA502080F3E9
:10EB50001188BFF34F8FBFF36F8FFEE7D8010020FE
:10EB60002E2E5C4672656552544F535C706F727402
:10EB700061626C655C525644535C41524D5F434D3B
:10EB800034465C706F72742E630000004572726FC1
:10EB9000723A25732C25640D0A000000084CE068C9
:10EBA000016839B1002139B10020FFF735FFFFF7C7
:10EBB000BBFEF4E70121F6E7C0680068F5E7000056
:10EBC000C40100202DE9F041044600F0BBFE94F999
:10EBD000455004F1240610E0A06C20B1002120462D
:10EBE000FFF72AFE04E0606A48B1304601F04EFFAC
:10EBF00008B101F0DFF86D1E6DB2002DECDC4FF0B6
:10EC0000FF3684F8456000F0D9FE00F09BFE94F9D1
:10EC1000445004F1100709E0206948B1384601F07A
:10EC200035FF08B101F0C6F86D1E6DB2002DF3DCA2
:10EC300084F84460BDE8F04100F0C0BE0123934079
:10EC40000288012902D09A43028070471A43FBE7E9
:10EC500008B5FDF701FE1C4D1C4F1D4EDFF87490EA
:10EC6000DFF874A0DFF874B000244FF001080090C2
:10EC70000A21684600F0E2FF2878012802D0022825
:10EC800003D005E0F6F79CFB02E0002001F02CF831
:10EC90003868017C0129EBD131780029E8D1696815
:10ECA000B1F57A7FE4DB40789628E1D986F80080D8
:10ECB00089F800400A488AF800408BF80040047048
:10ECC00008480470D4E70000345D002050010020A3
:10ECD0000C0200200E0200200D0200200F02002076
:10ECE00048020020490200202DE9F0410546002697
:10ECF00001F06EF9324F386808B9FFF7B3FCF868D5
:10ED000005424FD1002D4DD0083568070BD005F0D6
:10ED10000700C0F108000544680704D0BF2229A1FC
:10ED200032A0FBF775F9002D3CD07868854239D8C0
:10ED3000234910310846046801E021460446606812
:10ED4000A84202D220680028F7D13868B846844229
:10ED500028D00E682068086060680836401B1028BC
:10ED60000ED96719780704D0EC2216A11FA0FBF773
:10ED70004FF96068401B786038466560FFF70CFD0E
:10ED80006168D8F804004246401AC8F80400D8F870
:10ED90000830984200D29060D8F80C00014300205F
:10EDA000C4E9000101F0BEFE700705D04FF4967271
:10EDB00004A10EA0FBF72CF93046BDE8F08100005D
:10EDC000E40100202E2E5C4672656552544F535C60
:10EDD000706F727461626C655C4D656D4D616E67DC
:10EDE0005C686561705F342E630000004572726F6D
:10EDF000723A25732C25640D0A0000000449086846
:10EE000018B10868026D521C02650868704700005E
:10EE10008801002010B5031F4FF080741C601B1F79
:10EE200021F001011960191F044B0B6014390A60AD
:10EE3000091F6FF0020244380A6010BD39EB000868
:10EE400008B5FDF709FD4F4FDFF83C91DFF83CB105
:10EE5000DFF83CA14F4D4FF0010800260090002440
:10EE60006421684600F0EAFE4B484068322802DA26
:10EE7000C7F8A08204E03338312801D2C7F8A06275
:10EE80002869012802D06869012800D1AE6068694C
:10EE9000022806DB0A2190FBF1F201FB1200022896
:10EEA0000AD0A868052809DAA868401CA8600528C7
:10EEB00004DAC7F8A08205E0AE60F5E7052801D1C5
:10EEC000C7F8A062F4F730F8D9ED000A641C642C8E
:10EED00030EE200A89ED000AF4DBF0EE400A9FEDE7
:10EEE0002F1A5C4680EE810A8BED000AFAF738FC97
:10EEF000DFED2B0A2B4884ED000AC9ED000A0078EB
:10EF0000012809D110EE100A504505DA264800788C
:10EF100010B1264981F800802869012801D102201A
:10EF200028616869012801DB401C686110EE100A45
:10EF30001F49884204DB9FED1F0A84ED000A15E09B
:10EF400010EE100A124949420844B0F5002F05D2CC
:10EF50002869022802DA401C286107E010EE100A36
:10EF6000504503DA686908B9C5F81480F1F724FE42
:10EF7000687918B1F5F7FEFD6E7170E7FDF7F4FEE4
:10EF80006DE70000000040421C0000201800002037
:10EF900000002041A0020020345D00200000C84293
:10EFA00000000000180200201901002005010020C7
:10EFB0009A9949419A99494100B52DED048B83B046
:10EFC00041EC190BF1F7A8FC41EC180B18EE100AF4
:10EFD00018EE901A8DED008B002818BF0120084311
:10EFE00020F00040C0F17F6000F1E040C00F14D07D
:10EFF00019EE101A19EE900A8DED009B002918BF2A
:10F000000121084320F00040C0F17F6000F1E040A2
:10F01000C00F04BF0120FCF7E3FC51EC180B03B058
:10F02000BDEC048B00BD00002DE9FC4100F08AFC22
:10F030002A480425EF0100680024012801D028B1E6
:10F040000CE000233A4626A1284803E02C48002380
:10F050003A4627A1CDE9005401F00AFC29480326CD
:10F060004FF480780078012802D0022805D00CE007
:10F070000023424624A1274803E0274800234246B4
:10F0800021A1CDE9006401F0F3FBCDE90064002388
:10F090003A4622A1244801F0EBFBCDE900640023AD
:10F0A000802222A1244801F0E3FBCDE90054002393
:10F0B000424622A1244801F0DBFBCDE900540023A5
:10F0C0003A4622A1244801F0D3FB2448006800F00E
:10F0D0000BFEBDE8FC4100F071BC000014020020F2
:10F0E000436865636B5F7461736B0000A91B000864
:10F0F00042616C616E63655F7461736B0000000058
:10F1000059100008345D0020494D555F7461736BE0
:10F1100000000000494A00086141000873686F77E9
:10F120005F7461736B00000041EE00086C65645F02
:10F130007461736B000000005DCC0008505354579D
:10F140004F5F7461736B000051EC000844415441FF
:10F150005F7461736B000000F9C3000800000020B9
:10F1600070B505464FF0FF36304600F0B5F80400A4
:10F170001CD100F09DF80E48016821F0F8010160F3
:10F18000016841EAC5010160016821F007010160E1
:10F19000016841F002010160016841F480310160C1
:10F1A000304600F099F8044600F07AF8204670BD29
:10F1B000103C02401C49884201D2002070471B4984
:10F1C000884201D2012070471949884201D20220A9
:10F1D00070471849884201D2032070471649884277
:10F1E00001D2042070471549884201D2052070479A
:10F1F0001349884201D2062070471249884201D241
:10F20000072070471049884201D2082070470F49F3
:10F21000884201D2092070470D49884201D20A2054
:10F2200070470B2070470000004000080080000875
:10F2300000C00008000001080000020800000408E7
:10F24000000006080000080800000A0800000C087A
:10F2500000000E0810B500BF00F02AF86420FDF78A
:10F2600099FA00BF0D48016821F0070101600168AB
:10F2700041F0050101606420FDF78CFA00BF0748EA
:10F280001030016821F440710160016841F400719F
:10F29000016000BFBDE8104000F002B8003C024031
:10F2A0000248016841F0004101607047103C024093
:10F2B00006480068002806DA044805490C38016051
:10F2C00004490160704700BF70470000103C0240D5
:10F2D00023016745AB89EFCD30B5134C03460021C0
:10F2E00022680846D50602D50121052000BF550633
:10F2F00002D50620491C00BF150602D50720491C6F
:10F3000000BFD20302D50120491C00BF012901D949
:10F31000022000BF012804D0002B01D100BF08202B
:10F3200030BD5B1EDBD1F9E70C3C02402DE9F04714
:10F330000446A0F100600D46B0F5002F01D2A007F1
:10F3400003D0092000BFBDE8F087354804EB8206F2
:10F35000864202D900BF0A20F5E7FFF7A9FFDFF8D0
:10F36000C490D9F8001021F40071C9F80010D9F840
:10F37000001021F48061C9F80010D9F8001041F4A0
:10F380000061C9F80010D9F8001041F48051C9F8A3
:10F39000001072B64FF6FF70FFF79EFF070022D1F4
:10F3A00000BFDFF880A0DFF880800AF1100A18E0C3
:10F3B00040462F68FFF790FF78B9DAF8001021F087
:10F3C0000701CAF80010DAF8001041F00101CAF88C
:10F3D000001027604046FFF77FFF070003D1241D80
:10F3E0002D1DB442E4D3D9F8001041F40071C9F8DE
:10F3F0000010D9F8001041F48061C9F80010D9F864
:10F40000001021F40061C9F80010D9F8001021F4AF
:10F410008051C9F80010FFF743FF62B6384692E703
:10F42000FFFF0708003C0240FFFF0F0038B54FF414
:10F430004070F5F785FBA820FDF774F9F4F7B4FCEC
:10F440004748F6F7B5FC4FF4E134204600F0ACF83D
:10F450004FF4165000F0FEF8204600F04FF9204619
:10F4600000F0A4F9F5F797FA3D4D012468280FD074
:10F47000F4F772FEEA2815D0BFF34F8F39480168C0
:10F48000394A01F4E06111430160BFF34F8FFEE799
:10F490002C70F5F75BFFF6F71FF8FAF721F9F5F78F
:10F4A0007EFA07E002202870F5F7E6FAFAF738F955
:10F4B000FDF7E4F9F1F78AFFF3F752F8F5F7C6FB29
:10F4C000F5F786F82948D0F800222949002522B10D
:10F4D000D0F80002012802D002E00C6000E00D60CC
:10F4E000F1F73AFDF1F778FD032306220721012009
:10F4F0000095F1F785FFF6F7ADFBF3F749F8F3F761
:10F50000B5F8F3F711F9F3F76DF942F20F745321DF
:10F510002046F6F703FFA7212046F7F767F944F2E4
:10F520009F1400212046F6F761FF00212046F7F7DF
:10F5300083FA00212046F6F74DFE00212046F6F71B
:10F5400099FEF3F7F1FC0B4880ED000A6420FDF70B
:10F5500005F9F3F7CBF9BDE83840F3F7D9B9000066
:10F56000345D00200CED00E00400FA05000042428A
:10F5700014020020AC020020B4EEE00AF1EE10FA12
:10F5800002D2B0EE600A7047B4EEC10AF1EE10FA92
:10F59000F9DDB0EE410A7047884201DA084670474B
:10F5A0009042FCDD10467047F0B50746012187B058
:10F5B0000846F6F73FF901211020F6F75FF9234ED0
:10F5C000072209213046F3F757FA07220A2130466D
:10F5D000F3F752FA4FF4C060049002208DF8140043
:10F5E00000248DF816408DF8150001258DF8175070
:10F5F00004A93046F3F704FA25208DF818008DF899
:10F6000019508DF81A408DF81B5006A8F5F766FAC8
:10F61000ADF80440ADF80640ADF80840ADF80C4038
:10F620000C200B4CADF80A00009769462046F8F70D
:10F6300001F9012240F225512046F8F7E2F80121B4
:10F640002046F8F7B5F807B0F0BD00000000024012
:10F6500000100140F0B5074687B001210820F6F7F9
:10F66000E9F801214804F6F7FDF8224E07220521AA
:10F670003046F3F701FA072206213046F3F7FCF98A
:10F680006020049002208DF8140000248DF81640AC
:10F690008DF8150001258DF8175004A93046F3F7B1
:10F6A000AFF926208DF818008DF819508DF81A4002
:10F6B0008DF81B5006A8F5F711FAADF80440ADF827
:10F6C0000640ADF80840ADF80C400C200A4CADF8EF
:10F6D0000A00009769462046F8F7ACF8012240F28C
:10F6E00025512046F8F78DF801212046F8F760F8FB
:10F6F00007B0F0BD000C0240004400402DE9F0418D
:10F70000804688B001210820F6F794F8012188048A
:10F71000F6F7A8F8234F072208213846F3F7ACF98B
:10F72000072209213846F3F7A7F902258DF814506E
:10F7300000244FF440708DF8164004908DF8155059
:10F7400001268DF8176004A93846F3F759F92720E8
:10F750008DF818008DF819508DF81A408DF81B603F
:10F7600006A8F5F7BBF9ADF80440ADF80640ADF8D2
:10F770000840ADF80C400C200B4CADF80A00CDF859
:10F78000008069462046F8F755F8012240F22551DD
:10F790002046F8F736F801212046F8F709F808B0B6
:10F7A000BDE8F081000C0240004800402DE9F04324
:10F7B000814687B001210420F6F73CF8012108209A
:10F7C000F6F738F801210805F6F74CF82B4F082218
:10F7D0000C213846F3F750F9DFF8A4800822022103
:10F7E0004046F3F749F902258DF804500024B81477
:10F7F0008DF8064000908DF8055001268DF80760C1
:10F8000069463846F3F7FCF88DF8045004208DF86B
:10F81000064000908DF805508DF807606946404617
:10F82000F3F7EEF835208DF818008DF819508DF8A3
:10F830001A408DF81B6006A8F5F750F9ADF80C409A
:10F84000ADF80E40ADF81040ADF814400C200D4C52
:10F85000ADF81200CDF8089002A92046F7F7EAFFAC
:10F86000012240F225512046F7F7CBFF0121204627
:10F87000F7F79EFF07B0BDE8F083000000080240E4
:10F88000000C024000500040024988800888400671
:10F89000FCD570470010014003490880081F01880B
:10F8A0004906FCD5704700000448004002498880A2
:10F8B00008884006FCD5704700500040D0E901326E
:10F8C00001699A60D0E901235A604A68824201D1F5
:10F8D00082684A60002202610868401E0860704722
:10F8E00000F108014FF0FF32C0E90112C16001616F
:10F8F00000210160704700210161704730B50C683C
:10F90000621C02D000F1080202E0026904E01A461B
:10F9100053681D68A542FAD953684B6099608A60A4
:10F92000516008610168491C016030BD42684A604D
:10F9300093688B6093685960916008610168491C05
:10F9400001607047502080F31188BFF34F8FBFF3E1
:10F950006F8F09494868401C486001280AD1074850
:10F96000006810F0FF0F05D040F2B91204A10FA0FB
:10F97000FAF74EBB70470000D801002004ED00E00C
:10F980002E2E5C4672656552544F535C706F7274D4
:10F9900061626C655C525644535C41524D5F434D0D
:10F9A00034465C706F72742E630000004572726F93
:10F9B000723A25732C25640D0A00000010B5084C1E
:10F9C000606828B94FF4E07206A111A0FAF720FB95
:10F9D0006068401E606001D180F3118810BD000096
:10F9E000D80100202E2E5C4672656552544F535C40
:10F9F000706F727461626C655C525644535C415224
:10FA00004D5F434D34465C706F72742E630000008E
:10FA10004572726F723A25732C25640D0A0000003E
:10FA200070B500282AD0164DA0F108046068E96876
:10FA3000084205D14FF4A07212A11CA0FAF7E8FA0F
:10FA4000206828B140F241120EA118A0FAF7E0FA9E
:10FA50006068E968084211D02268002A0ED1884304
:10FA6000606000F0B5FA6068696808446860204624
:10FA7000FEF792FEBDE8704001F054B870BD000082
:10FA8000E40100202E2E5C4672656552544F535C93
:10FA9000706F727461626C655C4D656D4D616E670F
:10FAA0005C686561705F342E630000004572726FA0
:10FAB000723A25732C25640D0A00000006484FF4A5
:10FAC0007A710068B0FBF1F14FF0E020491E41610E
:10FAD00007210161704700000400002010B5F0F715
:10FAE000B5FB104C10280CD300F1E02090F8F00387
:10FAF0002178884205D24FF440720BA115A0FAF785
:10FB000087FA18480068A16800F4E060884207D9C5
:10FB1000BDE810404FF4447203A10EA0FAF778BA82
:10FB200010BD0000D80100202E2E5C467265655283
:10FB3000544F535C706F727461626C655C525644D2
:10FB4000535C41524D5F434D34465C706F72742E6E
:10FB5000630000004572726F723A25732C25640DA4
:10FB60000A0000000CED00E010B5074B002253F82E
:10FB700032401CB1521C082AF9D310BD43F8321090
:10FB800003EBC201486010BD8C09002070B515461A
:10FB90000E460446FFF7D6FE94F944100020491C97
:10FBA00001D184F8440094F94510491C01D184F82E
:10FBB0004500FFF703FFA06B28B92A46314604F140
:10FBC000240000F027F92046BDE87040FEF7FABF98
:10FBD00010B5040012D00E49096B29B140F2CF4292
:10FBE0000CA111A0FAF714FA00F0F2F90021204656
:10FBF000FEF7F2FB00F096FF002807D10E494FF008
:10FC000080500860BFF34F8FBFF36F8F10BD0000AF
:10FC1000880100202E2E5C4672656552544F535C5D
:10FC20007461736B732E63004572726F723A257341
:10FC30002C25640D0A00000004ED00E02DE9F041E0
:10FC40000E4605004FF0000405D140F279421BA199
:10FC50001FA0FAF7DDF92EB940F27A4217A11CA0D5
:10FC6000FAF7D6F91E4F386B28B140F27B4213A148
:10FC700017A0FAF7CDF900F0ABF9FA6828688119F6
:10FC8000904202D9884202D804E0884201D89142C9
:10FC900000D9012429601CB1881A0021FEF79CFBC1
:10FCA00000F040FF002807D10E494FF08050086057
:10FCB000BFF34F8FBFF36F8FBDE8F0812E2E5C46F0
:10FCC00072656552544F535C7461736B732E63009D
:10FCD0004572726F723A25732C25640D0A0000007C
:10FCE0008801002004ED00E070B50446FFF72AFE0D
:10FCF000234D04B92C68201DFFF7E0FD58B9E06AD8
:10FD0000204A00EB800152F8211021B901218140E5
:10FD1000286988432861A06A18B104F11800FFF728
:10FD2000CDFD686A401C68622868844207D1211DA5
:10FD30001548FFF7FBFD6868401C686007E0A8688D
:10FD4000401EA8602046FEF782FCFEF79BFEFFF7F0
:10FD500035FE6869002812D0286884420FD1286BCC
:10FD600028B140F2654209A10DA0FAF751F91049F6
:10FD70004FF080500860BFF34F8FBFF36F8F70BD9F
:10FD800088010020CC090020880C00202E2E5C4623
:10FD900072656552544F535C7461736B732E6300CC
:10FDA0004572726F723A25732C25640D0A000000AB
:10FDB00004ED00E001490120C8617047880100207E
:10FDC00070B50D46040005D140F6063207A10CA01F
:10FDD000FAF71EF90E48016820461831FFF78EFD2C
:10FDE0002846BDE870400121FEF7F6BA2E2E5C468B
:10FDF00072656552544F535C7461736B732E63006C
:10FE00004572726F723A25732C25640D0A0000004A
:10FE10008801002070B514460E46050005D140F655
:10FE2000313209A10DA0FAF7F3F81048016828460D
:10FE30001831FFF77BFD0CB14FF0FF3621463046FD
:10FE4000BDE87040FEF7C8BA2E2E5C46726565525A
:10FE5000544F535C7461736B732E63004572726F01
:10FE6000723A25732C25640D0A00000088010020D9
:10FE700070B5040039D01D4DE06A2968C96A88420E
:10FE800033D2A069002804DB2868C06AC0F12000D2
:10FE9000A061E06A164E00EB8000616906EB80000D
:10FEA00081421FD1201DFFF709FD012150B9E06AF1
:10FEB00000EB800256F8222022B92A6901FA00F0EC
:10FEC00082432A612868C06AE0622A69814011433E
:10FED000296100EB800006EB8000211DBDE8704029
:10FEE000FFF724BD2868C06AE06270BD8801002069
:10FEF000CC09002010B5040005D140F6C13205A19F
:10FF000009A0FAF785F80C48016A2160C0686060B2
:10FF100010BD00002E2E5C4672656552544F535C36
:10FF20007461736B732E63004572726F723A25733E
:10FF30002C25640D0A000000880100201CB517481C
:10FF40000024CDE900402346822215A1164800F086
:10FF50008FFC012803D100F091FE01280AD0401C3B
:10FF60001BD102B040F28472BDE810400FA114A072
:10FF7000FAF74EB8502080F31188BFF34F8FBFF3CC
:10FF80006F8F06484FF0FF312C38816201214161AB
:10FF9000C460BDE81C4000F0A7B81CBDB40100203F
:10FFA00049444C4500000000B1E600082E2E5C4696
:10FFB00072656552544F535C7461736B732E6300AA
:10FFC0004572726F723A25732C25640D0A00000089
:10FFD0000248016B491C0163704700008801002042
:10FFE00070B5134D286B10B10120E86170BD002081
:10FFF000E86128690F4EB0FA80F0C0F11F0000EBF5
:020000040801F1
:10000000800456F8240028B940F6F6220AA10FA071
:10001000F9F7FEFF06EB840000F108024168496829
:100020004160914201D149684160C868286070BD53
:1000300088010020CC0900202E2E5C467265655296
:10004000544F535C7461736B732E63004572726F0F
:10005000723A25732C25640D0A00000010EE100A78
:100060001049F2EE030A88421ADB10EE100A0E491C
:10007000884211DC30EE600A9FED0C1AC0EE010AD6
:100080009FED0B1AB6EE000A00EE810ABDEEC00A23
:1000900010EE100A642801DD642070470028FCDCA3
:1000A000002070470000184133334341CCCC2C4032
:1000B0000000C842DFED0B0AB7EE000A01290AD0A2
:1000C00032280CD8C0F1320001EE100AB8EE411A05
:1000D00001EE200A7047322801D33238F4E7B7EE38
:1000E000000A70476F12833B1CB5304C20683049C2
:1000F000884205D140F259122EA139A0F9F788FFA4
:1001000020682B49491E884205D14FF4AD7229A1C0
:1001100033A0F9F77DFF364C20780190FF20207046
:1001200020788DF800009DF800009DF8001000F088
:10013000F000884205D040F273121EA128A0F9F702
:1001400067FF9DF800002B4A00F050001070072058
:10015000906007E09068401E90609DF800004000AD
:100160008DF800009DF800000006F3D4107A00021C
:1001700000F4E0609060019820700C482030016825
:1001800041F470010160016841F070410160FFF7C6
:1001900095FC00205060F0F721F81748016841F005
:1001A00040410160F0F70AF800201CBD00ED00E0BE
:1001B00071C20F412E2E5C4672656552544F535CDE
:1001C000706F727461626C655C525644535C41524C
:1001D0004D5F434D34465C706F72742E63000000B7
:1001E0004572726F723A25732C25640D0A00000067
:1001F00000E400E0D801002034EF00E010B550200A
:1002000080F31188BFF34F8FBFF36F8F00F070FB47
:1002100018B104494FF080500860002080F3118825
:1002200010BD000004ED00E02DE9F04117460E4638
:10023000050005D14FF4C47210A115A0F9F7E8FE2E
:10024000BEB105FB06F05430FEF74EFD04000ED0A3
:1002500004F154007EB12060C4E90F56204601210C
:1002600000F0E0F884F8507000212046A164BDE859
:10027000F0810020E7E72460EEE700002E2E5C46C8
:1002800072656552544F535C71756575652E6300D8
:100290004572726F723A25732C25640D0A000000B6
:1002A0002DE9FF4F83B09B468A4604004FF00006BD
:1002B00005D140F2DC4251A155A0F9F7A9FEBAF1EF
:1002C000000F07D1206C28B140F2DD424BA150A0B5
:1002D000F9F79EFE00F0F8FA38B9059828B14FF406
:1002E0009C6246A14AA0F9F793FE4FF000094FF037
:1002F0008057DFF82C81FFF725FBA56B45B35146EE
:100300002046E668FEF75AF9BBF1000F13D0E6600D
:10031000606A50B104F1240000F0B8FB28B1C8F8BD
:100320000070BFF34F8FBFF36F8FFFF747FB0120C4
:1003300007B0BDE8F08F6D1EA563206810B9FEF709
:100340005DFD606020690028EFD004F11000E3E754
:10035000059808B11EB106E0FFF730FB27E06846BC
:10036000FFF7C8FD0126FFF729FBFFF731FEFFF776
:10037000E9FA94F94400401C01D184F8449094F9BE
:100380004500401C01D184F84590FFF717FB05A9F3
:10039000684600F029FA002820460AD0FEF712FC31
:1003A00000F0C0FB2046FEF739FA0028A3D0002059
:1003B000BEE7FEF733FAD8B1206830B9FFF7C2FACA
:1003C0006068FFF755FDFFF7F9FA04F1240005997D
:1003D000FFF7F6FC2046FEF7F5FB00F0A3FB002834
:1003E00089D1C8F80070BFF34F8FBFF36F8F82E7DA
:1003F0002046FEF7E7FB00F095FB7CE72E2E5C46DF
:1004000072656552544F535C71756575652E630056
:100410004572726F723A25732C25640D0A00000034
:1004200004ED00E070B50D46040005D140F21B124A
:100430001CA121A0F9F7ECFDFFF784FAD4E90F2005
:10044000216802FB001161600021A1632168A160A5
:100450000A46D4E90F01401E00FB0121E16021465C
:100460004FF0FF3001F8440F487004F110004DB117
:10047000FFF736FA04F12400FFF732FAFFF79EFA8D
:10048000012070BD21690029F8D000F0FFFA002892
:10049000F4D00D494FF080500860BFF34F8FBFF389
:1004A0006F8FEBE72E2E5C4672656552544F535C9E
:1004B00071756575652E63004572726F723A2573AA
:1004C0002C25640D0A00000004ED00E02DE9FF4F2B
:1004D00083B099468B4604004FF0000605D140F2E8
:1004E000D92252A156A0F9F793FDBBF1000F07D115
:1004F000206C28B140F2DA224CA151A0F9F788FD16
:10050000B9F1020F08D1E06B012805D040F2DB22DF
:1005100046A14BA0F9F77CFD00F0D6F938B9059853
:1005200028B140F2DE2241A145A0F9F771FD4FF05C
:10053000000A4FF08057DFF81881FFF703FAA06B2D
:10054000E16B884206D3B9F1020F03D0059800B3DE
:1005500016B325E04A4659462046FEF742F8A16CFC
:1005600021B149462046FEF767F905E0616A19B1F5
:1005700004F1240000F08AFA28B1C8F80070BFF333
:100580004F8FBFF36F8FFFF719FA012007B0BDE857
:10059000F08FFFF713FA21E06846FFF7ABFC012666
:1005A000FFF70CFAFFF714FDFFF7CCF994F94400BC
:1005B000401C01D184F844A094F94500401C01D1AD
:1005C00084F845A0FFF7FAF905A9684600F00CF990
:1005D00030B12046FEF7F6FA00F0A4FA0020D5E785
:1005E000FFF7B0F9A06BE16B884201D1012500E073
:1005F0000025FFF7E3F995B104F110000599FFF725
:10060000DFFB2046FEF7DEFA00F08CFA002894D1DA
:10061000C8F80070BFF34F8FBFF36F8F8DE7204690
:10062000FEF7D0FA00F07EFA87E700002E2E5C4637
:1006300072656552544F535C71756575652E630024
:100640004572726F723A25732C25640D0A00000002
:1006500004ED00E02DE9F047984615468946040070
:1006600005D140F29F322AA12EA0F9F7D1FCB9F1B1
:10067000000F07D1206C28B14FF4687224A129A083
:10068000F9F7C6FCB8F1020F08D1E06B012805D0DC
:1006900040F2A1321EA123A0F9F7BAFCFFF71EFA1F
:1006A0005020EFF3118780F31188BFF34F8FBFF312
:1006B0006F8FA06BE16B884207D3B8F1020F04D0B3
:1006C000002087F31188BDE8F08794F94560424621
:1006D00049462046FDF785FF701C04D0761C84F83F
:1006E00045600120EDE7A06C012620B1414620467F
:1006F000FEF7A2F806E0606A0028F2D004F12400B8
:1007000000F0C4F90028ECD0002DEAD02E60E8E714
:100710002E2E5C4672656552544F535C717565753B
:10072000652E63004572726F723A25732C25640D35
:100730000A0000002DE9F04790468946040005D1E3
:100740004FF4B4621FA124A0F9F762FCB9F1000FC5
:1007500007D1206C28B140F2A1521AA11EA0F9F7CE
:1007600057FCFFF7BBF95020EFF3118780F3118896
:10077000BFF34F8FBFF36F8FA66BF6B194F9445060
:1007800049462046FDF71AFF761EA663681C04D072
:100790006D1C84F84450012010E020690028FAD034
:1007A00004F1100000F072F90028F4D0B8F1000F45
:1007B000F1D00121C8F80010EDE7002087F311887F
:1007C000BDE8F0872E2E5C4672656552544F535C2F
:1007D00071756575652E63004572726F723A257387
:1007E0002C25640D0A00000070B50D46040005D1EB
:1007F00040F6CB3214A119A0F9F70AFC2DB940F646
:10080000CC3211A115A0F9F703FCFFF79BF8174AAA
:10081000D06829684B1C0FD02368126A934202D01B
:10082000626882420AD96268801A884206D2081A2F
:1008300028602046FFF75EFB002400E00124FFF75C
:10084000BDF8204670BD00002E2E5C4672656552D4
:10085000544F535C7461736B732E63004572726FF7
:10086000723A25732C25640D0A00000088010020CF
:100870002DE9FF5F8346DDE90E87994616468A46D5
:100880009000FEF731FA05001AD05C20FEF72CFA32
:10089000040012D025630021CDE90241CDE9008793
:1008A0004B46324651465846FDF716FF2046FDF7A7
:1008B000CBFD012004B0BDE8F09F2846FFF7B0F85B
:1008C0004FF0FF30F6E700000548416919B1006BB1
:1008D00018B10020704701207047022070470000C7
:1008E000880100200148C06870470000880100208E
:1008F0002DE9F0412D4F0026386B40B1B869401CFE
:10090000B861F86900B101263046BDE8F081FD68A4
:100910006D1CFD6011D1786B006828B140F6D912CA
:1009200023A128A0F9F774FB786BB96B7963B863DE
:10093000386A401C3862FEF7A5F8B86ADFF8948080
:10094000854209D3786B006880B1786BC068C46851
:10095000606885420DD2B8623868C06A00EB8001D9
:1009600058F821000128CCD90126CAE74FF0FF3002
:10097000F1E7201DFEF7A2FFA06A18B104F11800EC
:10098000FEF79CFFE06A01213A6981401143396119
:1009900000EB800108EB8100211DFEF7C7FFE06A34
:1009A0003968C96A8842CDD30126CBE78801002087
:1009B0002E2E5C4672656552544F535C7461736BA6
:1009C000732E63004572726F723A25732C25640D85
:1009D0000A000000CC09002070B504004FF00006AA
:1009E0003CD01F4D2868844205D040F6C7621DA147
:1009F00021A0F9F70DFB206D28B940F6C96219A1B5
:100A00001DA0F9F705FB206D401E2065E26CE16A30
:100A1000914223D010BB201DFEF750FF1A4901223E
:100A200050B9E06A00EB800351F8233023B92B69F9
:100A300002FA00F083432B61E06CE062C0F1200019
:100A4000A061E06A2B6982401A432A6100EB8000B2
:100A500001EB8000211DFEF769FF0126304670BDC5
:100A6000880100202E2E5C4672656552544F535CFF
:100A70007461736B732E63004572726F723A2573E3
:100A80002C25640D0A000000CC0900202DE9F0415E
:100A9000C068C4682CB940F6613216A11AA0F9F7F3
:100AA000B7FA04F118000746FEF708FF1A4D286B45
:100AB000012660B139461948FEF738FFE06A296817
:100AC000C96A884213D90120EE61BDE8F081201D7A
:100AD000FEF7F4FEE06A2A6906FA00F11143296183
:100AE0000F4900EB800001EB8000211DE4E70020AE
:100AF000EBE700002E2E5C4672656552544F535C46
:100B00007461736B732E63004572726F723A257352
:100B10002C25640D0A00000088010020740C0020C0
:100B2000CC0900202DE9F0472B4D00242746286BE7
:100B300028B94FF4FD6229A12DA0F9F769FAFEF753
:100B400001FF286B401E2863286BE8BBA8682C496E
:100B50000126C8B3A1F52A798846D8F80010E9B172
:100B6000D8F80C00C46804F11800FEF7A7FE201D99
:100B7000FEF7A4FEE06A2A6906FA00F11143296132
:100B800000EB800109EB8100211DFEF7CFFEE06A3A
:100B90002968C96A8842E0D3EE61DEE70CB1FDF74F
:100BA00071FFAC693CB1FFF7A3FE00B1EE61641EBA
:100BB000F9D10020A861E86930B11249012738074E
:100BC0000860BFF34F8F00E001E0BFF36F8FFEF7C7
:100BD000F5FE3846BDE8F087880100202E2E5C46E1
:100BE00072656552544F535C7461736B732E63006E
:100BF0004572726F723A25732C25640D0A0000004D
:100C0000740C002004ED00E02DE9F04707469946FA
:100C100016460D462C20DDF820A0FEF765F80400EE
:100C200014D0B8464F46D1462DB94FF4C67209A12B
:100C30000EA0F9F7EDF9FDF76FFC04F11801C4F807
:100C4000008081E8E002201DFEF755FE2046BDE849
:100C5000F08700002E2E5C4672656552544F535C3F
:100C600074696D6572732E63000000004572726FC7
:100C7000723A25732C25640D0A0000001CB500246F
:100C8000FDF74AFC0C48006868B10B491F20091D9C
:100C9000CDE9000100234FF4827208A10948FFF753
:100CA000E7FD040005D140F2331207A10CA0F9F7CB
:100CB000AFF920461CBD0000C4010020546D722015
:100CC000537663009DEB00082E2E5C4672656552DC
:100CD000544F535C74696D6572732E63000000009D
:100CE0004572726F723A25732C25640D0A0000005C
:100CF0002DE9FF47DDF830A0994690460D460600E5
:100D00004FF0000705D14FF4D37212A117A0F9F7E5
:100D10007FF91A4C206880B1CDE900580296062D63
:100D200011DAFFF7D1FD02284FF0000309D00022AD
:100D300069462068FFF7CAFB074604B03846BDE89D
:100D4000F0875246F4E700234A466946FFF782FCE3
:100D5000F2E700002E2E5C4672656552544F535CDC
:100D600074696D6572732E63000000004572726FC6
:100D7000723A25732C25640D0A000000C40100207E
:100D80000000000000000000000000000000000063
:100D90003F40000000000000000030004000300034
:100DA0004000000009000BC03D000BC03D000900E1
:100DB00018C024407FE0224031800000180024C089
:100DC0001B000D803240018003801C4027401C80A6
:100DD000074000401000600000000000000000001C
:100DE0000000000000001F80204040200000402044
:100DF00020401F8000000000090006001F80060040
:100E000009000000040004003F800400040000000A
:100E1000001000600000000000000000040004005A
:100E20000400040004000000000000400000000076
:100E300000000000002001C0060038004000000053
:100E40001F802040204020401F80000000001040F4
:100E50003FC000400000000018C021402240244054
:100E60001840000010802040244024401B800000D7
:100E700002000D0011003FC0014000003C802440F2
:100E800024402440238000001F802440244034401C
:100E9000038000003000200027C038002000000040
:100EA0001B802440244024401B8000001C0022C0E2
:100EB000224022401F800000000000000840000087
:100EC00000000000000000000460000000000000BE
:100ED000000004000A0011002080404009000900C1
:100EE00009000900090000000000404020801100B6
:100EF0000A0004001800200023402400180000000D
:100F00001F802040274029401F400000004007C0AC
:100F100039000F0001C0004020403FC02440244061
:100F20001B8000001F8020402040204030800000B7
:100F300020403FC0204020401F80000020403FC094
:100F400024402E4030C0000020403FC024402E00EE
:100F5000300000000F00108020402240338002004B
:100F600020403FC0040004003FC0204020402040FB
:100F70003FC02040204000000060202020203FC0D3
:100F80002000200020403FC024400B0030C0204003
:100F900020403FC020400040004000C03FC03C0017
:100FA00003C03C003FC0000020403FC00C40230075
:100FB0003FC020001F802040204020401F800000B4
:100FC00020403FC024402400180000001F80214022
:100FD000214020E01FA0000020403FC02440260008
:100FE00019C0004018C02440244022403180000035
:100FF000300020403FC020403000000020003F80F3
:10100000004000403F80200020003E0001C007005B
:1010100038002000380007C03C0007C0380000003E
:10102000204039C0060039C0204000002000384070
:1010300007C0384020000000304021C02640384022
:1010400020C00000000000007FE0402040200000A1
:10105000000070000C0003800040000000004020F1
:1010600040207FE000000000000020004000200041
:101070000000000000100010001000100010001010
:10108000000000004000000000000000000002809E
:101090000540054003C0004020003FC0044004401C
:1010A000038000000000038004400440064000006C
:1010B00000000380044024403FC000400000038043
:1010C0000540054003400000000004401FC02440CC
:1010D00024402000000002E0055005500650042086
:1010E00020403FC00440040003C000400000044012
:1010F00027C000400000000000100010041027E08E
:101100000000000020403FC00140070004C0044030
:10111000204020403FC000400040000007C00400C5
:1011200007C0040003C00000044007C004400400DE
:1011300003C000400000038004400440038000001E
:10114000041007F0045004400380000000000380F6
:101150000440045007F00010044007C0024004009F
:1011600004000000000006400540054004C00000E7
:10117000000004001F8004400040000004000780BD
:101180000040044007C000400400070004C0018084
:1011900006000400060001C0070001C006000000B0
:1011A000044006C0010006C00440000004100710FF
:1011B00004E00180060004000000044005C0064071
:1011C000044000000000000004007BE0402000001C
:1011D000000000000000FFF00000000000004020C0
:1011E0007BE0040000000000400080004000200080
:1011F000200040000000000000000000000000008F
:10120000000000000000000000001FCC000C0000E7
:1012100000000000000008003000600008003000FE
:1012200060000000022003FC1E20022003FC1E20A0
:101230000220000000000E1811043FFF10840C78FB
:10124000000000000F0010840F3800C007781884D9
:101250000078000000780F8410C411240E9800E478
:101260000084000808006800700000000000000012
:101270000000000000000000000007E01818200433
:1012800040020000000040022004181807E000009F
:10129000000000000240024001800FF00180024087
:1012A000024000000080008000800FF80080008075
:1012B000008000000001000D000E00000000000092
:1012C000000000000000008000800080008000809E
:1012D000008000800000000C000C000000000000F6
:1012E00000000000000000060018006001800600F9
:1012F00018002000000007F0080810041004080877
:1013000007F000000000080408041FFC00040004AB
:101310000000000000000E0C101410241044118472
:101320000E0C000000000C181004110411041288A7
:101330000C700000000000E00320042408241FFCBF
:101340000024000000001F9810841104110410886C
:1013500010700000000007F00888110411041888BC
:101360000070000000001C00100010FC13001C00A6
:101370001000000000000E38114410841084114445
:101380000E38000000000700088C10441044088844
:1013900007F00000000000000000030C030C000038
:1013A0000000000000000000000101060000000035
:1013B0000000000000000080014002200410080826
:1013C000100400000220022002200220022002203D
:1013D0000220000000001004080804100220014050
:1013E0000080000000000E001200100C106C108035
:1013F0000F00000003E00C1813E4142417C408289D
:1014000007D000000004003C03C41C40074000E477
:10141000001C000410041FFC1104110411040E88A8
:101420000070000003E00C181004100410041008F1
:101430001C10000010041FFC100410041004080805
:1014400007F0000010041FFC1104110417C410045D
:101450000818000010041FFC1104110017C0100030
:101460000800000003E00C181004100410441C785D
:101470000040000010041FFC1084008000801084D5
:101480001FFC10040000100410041FFC10041004C2
:101490000000000000030001100110011FFE1000F9
:1014A0001000000010041FFC110403801464181CB9
:1014B0001004000010041FFC1004000400040004C9
:1014C000000C000010041FFC1F0000FC1F001FFC8C
:1014D0001004000010041FFC0C04030000E01018AE
:1014E0001FFC100007F0080810041004100408087E
:1014F00007F0000010041FFC108410801080108082
:101500000F00000007F0081810241024101C080A0F
:1015100007F2000010041FFC1104110011C011306B
:101520000E0C000400000E1C1104108410841044E2
:101530001C3800001800100010041FFC10041000DC
:101540001800000010001FF810040004000410042C
:101550001FF8100010001E0011E0001C0070138026
:101560001C0010001FC0103C00E01F0000E0103CF9
:101570001FC000001004180C163401C001C016343E
:10158000180C100410001C00130400FC13041C00B1
:10159000100000000804101C1064108413041C04C4
:1015A000101800000000000000007FFE4002400212
:1015B00040020000000030000C0003800060001CAE
:1015C0000003000000004002400240027FFE0000D5
:1015D000000000000000000020004000400040002B
:1015E00020000000000100010001000100010001D5
:1015F0000001000100004000400020000000000049
:10160000000000000000009801240144014401444E
:1016100000FC000410001FFC008801040104008885
:101620000070000000000070008801040104010443
:101630000088000000000070008801040104110807
:101640001FFC0004000000F801440144014401446F
:1016500000C800000000010401040FFC1104110483
:1016600011001800000000D601290129012901C933
:101670000106000010041FFC0084010001000104A9
:1016800000FC000400000104190419FC000400041B
:10169000000000000000000300010101190119FE13
:1016A0000000000010041FFC0024004001B4010CE5
:1016B000010400000000100410041FFC00040004DA
:1016C00000000000010401FC0104010001FC010410
:1016D000010000FC010401FC008401000100010480
:1016E00000FC0004000000F80104010401040104EE
:1016F00000F80000010101FF0085010401040088D9
:101700000070000000000070008801040104010561
:1017100001FF00010104010401FC00840104010037
:1017200001800000000000CC0124012401240124D8
:101730000198000000000100010007F80104010405
:1017400000000000010001F800040004000401088A
:1017500001FC0004010001800170000C0010016018
:101760000180010001F0010C003001C00030010CCB
:1017700001F0010000000104018C00740170018C73
:1017800001040000010101810171000E00180160D7
:101790000180010000000184010C01340144018436
:1017A000010C0000000000000000000001003EFCF1
:1017B000400240020000000000000000FFFF0000A7
:1017C000000000000000400240023EFC010000005A
:1017D0000000000000006000800080004000400029
:1017E00020002000B5A51010082004483FFC210867
:1017F00021083FF8210821083FF821000104FFFEDD
:10180000010001000100BBF70100010001087FFC9D
:101810000100010001000104FFFE01000100210898
:10182000210821083FF82008D3C300083FFC210805
:10183000210821083FF82108210821083FF8210844
:1018400021082108410841288010BBA70100008021
:1018500000843FFE2004200420043FFC20042000DC
:10186000200020002000400040008000B0B4104064
:101870001020100013FEFA02144410403FFED088DE
:1018800010881108109010601050508C2304BCFC7C
:1018900020102710397C411482FE7A14247C2710F2
:1018A000F97C2110251422FE2A1035102896007C80
:1018B000C8B700400440FE781090112423FE252470
:1018C0007D24A5FC2524252425FC25243D24222433
:1018D000040CC8CF00404040304010400040004061
:1018E000F0A010A010A01110111015101A08120865
:1018F00004060804BFAA00087FFC0820082008206E
:1019000008200824FFFE08200820082008201020B6
:10191000102020204020CABC1040104010401080F1
:10192000FC88250427FE2402240449FE290411040E
:101930002904450485FC0104B5E302000200020805
:1019400003FC020002103FF82010201020103FF08E
:101950000000291024C844448004BCCC102012206C
:10196000222023244AACFA70122023FC4220FA7071
:1019700042AC03241A20E22443FE0000D0F81040B9
:10198000105023F820404840FFFC112420A842209A
:10199000F92407FE00401C60E090410C0204CBAB30
:1019A00000000004FDFE0484448444842888284800
:1019B000104810502820283044504488810E0604D6
:1019C000CDCB03F84208320813F802080208F3FCF2
:1019D000120812D012201290130C12042800440690
:1019E00003FCB3F6010001002108210821082108A9
:1019F0003FF821080100410441044104410441042D
:101A00007FFC4004D7AA104010401048FDFC204045
:101A100028444BFE7C80088009FC1C08E810489094
:101A2000086008200810B6AF004008407C40004421
:101A300005FEFE4410441044204424444284FE84A5
:101A40004104010402280410B5E70200020002105C
:101A50007FF8421042107FF0421042107FF0421097
:101A600002000204020401FC0000CEBB0880084012
:101A70000840100817FC300052089208111011108D
:101A8000109010A010241FFE10001000C6F73EF8A2
:101A90002288228822883EF801200114FFFE02805D
:101AA0000C603018FEFE2288228822883EF8BCDCBA
:101AB000100010087EFC1288128812882AF84480D0
:101AC0000104FFFE038005400920111C610801008C
:101AD000BFD5020001007FFE400284440C30101884
:101AE000200800003FF80100010001000104FFFE92
:101AF0000000C2D61040104020A0FCA021105108C8
:101B0000520EFD04111011301DC0F10051041104DA
:101B100010FC1000B3B5020002087FFC04000900AD
:101B2000110021203FF001000104FFFE010001002F
:101B3000010001000100BAF3001000783F8020008E
:101B400020043FFE2000200827FC24082408240845
:101B50004408440887F80408B8DF02000104FFFEC7
:101B600000001FF0101010101FF000047FFE400452
:101B70004FE4482448244FE4400CCBD90040404473
:101B800037FE104007FC0444F44417FC144410E0F2
:101B9000115812481440284647FC0000BDF80220A6
:101BA000422022282FFC02200220E22022282FFCA3
:101BB000222022202220242050268FFC0000C8EB67
:101BC0000400020001000100010002800280028086
:101BD000044004400820082010102010400E80040B
:101BE000BBFA1000101011F81110FD101110311077
:101BF0003910551051109110111011121212140EAB
:101C00001800BBCE00083FFC20083FF820083FF832
:101C1000010011100924FFFE044004400440084262
:101C20001042603EB9DB000801FC7D08052845280C
:101C300029282928114811482948256844A080A04E
:101C400001220622181EB2EC020001007FFE4802AB
:101C50008EF412902C60682017D0200E5FF4810063
:101C60000920111825080200CAFD084049402A40F1
:101C70000884FFFE19082C884A881088FE9022509C
:101C8000222014501888250E4204BEDD100413FED5
:101C900012041204FFFC122016241BFE3220D22450
:101CA00013FE15041504150459FC2104C1F90000A4
:101CB0000400020003000104FFFE000000000440D5
:101CC0000C2008101018100C200C40040000C2B7A3
:101CD00004407E4044FC4588465044207C50508E51
:101CE00013045DFE5104510451045D04E1FC010440
:101CF000B6E6084010203C0025FE35022E04248064
:101D0000FC88249034A02CC0248024844484947CB7
:101D10000800BCC600402040104010400040004475
:101D2000F7FE104010401040104012401440184080
:101D300010400040B7E41080108010FC15887E50E1
:101D4000542054DE572454F87C2051FC14201DFCF0
:101D5000E42040200020C3F9004008887DFC4908A9
:101D60004948490849284910490449FE780448244B
:101D700007F4000400140008B9D810100818042053
:101D800004487FFC010001000104FFFE0100028005
:101D9000028004400830300EC004B2A6104010503B
:101DA00012481240FFFE1080148018F8110831907C
:101DB000D250122014501888510E2204CAB9104073
:101DC00010441FFE204027FC6444A444244427FC04
:101DD00024442240218020C02130260E2804C4DC67
:101DE00010801088249844A0FEC002847C84447C27
:101DF0007C00448844987CA044C044825482487E3D
:101E0000C0B608200824FFFE0820049024F825000E
:101E10002640242004083FFC244824482448FFFE90
:101E20000000D1C000087FFC00401040104020405E
:101E300020447FFE01400240044008403040C04042
:101E400001400080B7A201001120111021047FFE83
:101E50000200020007F006100A200940108021400D
:101E600042308C0E3004CBCD0208411030A017FC5C
:101E700000400040F0441FFE10401040108010A0B1
:101E800011182A08440603FCBDD31080104817FC23
:101E90001000FD1010A017FC18803084DFFE109099
:101EA000111010A0106050982308CAD5088008802F
:101EB0000880488448FE490849884A88488858501C
:101EC0006850482008500888090E0E04B5C4104018
:101ED000104022447F7E42844304420442847E6454
:101EE00042244204420442047E0442280010A3BA61
:101EF00000000000000000000000000006000F00CD
:101F00000F000600000006000F000F000600000092
:101F1000A1A100000000000000000000000000007F
:101F200000000000000000000000000000000000B1
:101F30000000C4A3111011141FFE1110FD1813FC92
:101F400032083BF8560853F890401FFE104010B07E
:101F5000110E1604CABD008000A000900084FFFE90
:101F6000008000803E8008800840084009200E2242
:101F70007012200A0004C7EB004847FC204023F8F9
:101F80000040EFFE200823FC220823F8220823F853
:101F90002A08320822280210CDD300407C204400B9
:101FA00049FE4902520448804888449044E04480F5
:101FB000688050824082407E4000C2DD100411FEE5
:101FC000112415FC7F2455FC5420544855F07C24E2
:101FD00051FC14201CA8E52642A20040D2C70800EC
:101FE00008800864122412043208510891101090DD
:101FF00010A0104010A011101208140E1804BAEC12
:102000001000100823FC20204420F820102020205D
:102010004020FC20402000201C20E02447FE00003F
:10202000B5C61000100417FE102054205820502070
:10203000902010201020102028202420442080A050
:102040000040B3A30100111009207FFE40028FE47D
:1020500008200FE001101FF811101110111011507D
:1020600001200100C1C101087FFC00101FF8101001
:1020700010101FF000007FFE40228FF4082008207F
:1020800008221022601ED0A1010001000100010001
:102090000100054005200910090811042104410030
:1020A0000100010005000200CFDF08400850104881
:1020B0001040227C7FC00844107E23C07C48005022
:1020C00000201C60E092430A0006C1AC00804088FA
:1020D0002FFC210001400250E7F82040204020481A
:1020E0002FFC2040204050468FFC0000C5D4020049
:1020F00001087FFC082004407FFE420281047FFC2F
:10210000040007F004100810081010A06040B1DFB0
:10211000008020801080108807FC0088F0881088DC
:1021200011081108110812501420280647FC00005D
:10213000B4AE010001083FFC210821083FF801006E
:1021400001047FFE410441047FFC410401000100C1
:102150000100BFDA000000083FFC2008200820082A
:102160002008200820082008200820083FF8200820
:1021700000000000D6D00100010001047FFE4104F0
:102180004104410441047FFC4104010001000100BD
:10219000010001000100BCE420041BFE08044024EF
:1021A0004FF44824482448244FE448244824482431
:1021B0004FE4482440144008D7B408400850084869
:1021C000484028442FFE0840084018A028A0491085
:1021D000C91009080A0E0C040800CCAC0100010467
:1021E000FFFE0100028004400A30310EC0040200EC
:1021F000291029082824482407E00000CFF2020013
:10220000040008047FFE400440244FF4482448247E
:10221000482448244FE44824400440144008D7F39D
:10222000020002000208FFFC040004000400081081
:102230000FF8108010802080408080847FFE000096
:10224000D3D2020002000204FFFE040004000800D2
:1022500008081FFC280848088808080808080FF81C
:102260000808C7B010100C300444FFFE00003E0800
:10227000224822483E48224822483E482208220856
:102280002A282410CDA31080104817FC200023F822
:102290006208A3F820002FFE280233F420402040DB
:1022A000204021402080D6B901000100010011002A
:1022B0001100111011F8110011001100110011008E
:1022C00011001104FFFE0000BDE1082008201024C9
:1022D00023FE4420782009FC100020047DFE010428
:1022E00001040D04710421FC0104CEB200083FFC7E
:1022F000200820083FF820202FF0210821FC2F0083
:10230000210821FC5F004102810200FEB2A80040CA
:102310004040304017FC0444844844400FF81408FF
:102320002510E4A0244028A02910320E2404CCD883
:1023300010401040504853FC7C40904417FE181049
:102340003014D7FE11101090109010101050102063
:10235000C2CA020001087FFC010042442788111014
:1023600022484FE401200104FFFE010001000100AA
:102370000100D0D008080BFC100020004000080429
:1023800017FE301050109010101010101010101078
:1023900010501020BCB400047EFE428442847E842F
:1023A000428442847E84408444A444944A88728057
:1023B000408000800080BDAB1080108011F8910833
:1023C000731034A0104010941FFE30105210D190A2
:1023D0001090101010501020D6CA00783F80208036
:1023E00020843FFE208020882FFC28082888288809
:1023F0002888490842708C0C3004BCEC1040104016
:1024000010A010A0FD10120E35F4300058405648B0
:10241000914C1148115010041FFE1000BBD8000051
:1024200000047FFE4004404447E4444444444444A0
:10243000444447C4444440047FFC40040000B5BD0C
:1024400001047F8408041024222441247FA408A4CA
:102450000A247F240824082408040F84F8140008A0
:10246000B5B10100210819180920010001087FFCFD
:102470000008000800083FF80008000800087FF87E
:102480000008D0CD01047F84122412241224FFA45A
:10249000122412241204231441087FFC01000104B9
:1024A000FFFE0000CFC80100110011101FF811003D
:1024B00021000104FFFE048004800480088008825B
:1024C0001082207E4000D4C4200417FE50044444EF
:1024D00042844FE4482448244FE44AA4428442946E
:1024E000449448745004400CB6C10020202813FCCA
:1024F0001020002007FEF09210541110109417FEC7
:10250000102014201850108C0304CAD6001000F8B4
:102510007F00010001103FF8010001000104FFFEEF
:10252000010001000100010005000200B2E1020803
:102530001F7C12481248124812481248FFFE1248E7
:102540001248124812481248124826A84110C9CF12
:102550000100010001000100011001F8010001006B
:10256000010001000100010001000104FFFE000064
:10257000CFC20004FFFE02000200020002800240FF
:1025800002300210020002000200020002000200FB
:102590000200B5A5208011007FC044407FC04440A8
:1025A0007FC00400FFE0040004000400BBF7040047
:1025B00004007FC004000400FFE0040044404440E5
:1025C00044407FC00040BCCC2080248046A095C001
:1025D000E48027E04480F5C006A03480C48007E092
:1025E000D0F8210027C0410097E0E02022804580FC
:1025F000F2800FE03100C2400C20CBAB0000FBE0CA
:102600000A200A208A2051405140208020805140D9
:1026100052408420CDCB4FC028400FC00840EFC0AF
:102620002A2029402A802C40284050008FE0B3F611
:1026300004004440444044407FC00400040084201F
:1026400084208420FFE00020C7EB82005FE00200CE
:102650000FC0C2005FE048404FC048404FC06840D4
:1026600048C0D7AA41004100EFC04200A200AFE03D
:10267000F40027C03040E68021802040B6AF010042
:102680007100010003E0F920212041205120892020
:10269000FA20022004C0B5E708000800FF80888007
:1026A0008880FF8088808880FF808820082007E05D
:1026B000CEBB2200210040005FE0C00048404840FF
:1026C00044404480448041005FE0C6F77BC04A40FC
:1026D0007BC004800440FFE00A003180C0607BC002
:1026E0004A407BC0A3BA0000000000000000300098
:1026F0003000000000003000300000000000CDCBB2
:102700004FC028400FC00840EFC02A2029402A802F
:102710002C40284050008FE0B3F604004440444071
:1027200044407FC004000400842084208420FFE013
:102730000020C7B020801100FFE000007C40454031
:102740007D4045407D40454044404CC0D0E87FC07E
:102750000400FFE0B5A0040075C00000FFE0040025
:102760007FC04A404AC0B5F78FE0482009200BA03F
:10277000C9204FE048204BA04AA06BA0482010E0A1
:10278000BBD800007FE0402040204F204920492056
:102790004F20402040207FE04020D4AD00007FE06B
:1027A00044005FC050405FC050405FC042004A805C
:1027B0005240A620B3B508000800FFE01000240036
:1027C00044007FC004000400FFE004000400D0CDFA
:1027D00000207EA024A024A0FEA024A0442080608D
:1027E00004007FC00400FFE0FFFF030303030303B3
:1027F00003030303030303030303030303E3F333A9
:102800003333333333333333333333333333333398
:102810003333333333333333333333333333333388
:102820003333333333333333333333333333333378
:102830003333333333F3E3030303FFFFFFFF00F8C6
:10284000FC0C0C0C0C0C0C0CFC1CFCFC0C0C0C0CF8
:102850000C0F0F000000000000000000000000004E
:1028600000000000000030787878303030303030B0
:1028700030E0C08000000000000000000000000008
:10288000000000000000000000FFFF000000FFFF4C
:10289000FFFF00FFFF04060202060404F735F5E51A
:1028A0000404040202020000000000000000000016
:1028B000000C1C1EBE8C8C8C0C0C0C0C0C0C8CCCD0
:1028C000EC7C3C1C0C0C0D0F0F0E0C0C0C0C0E1E9B
:1028D0003F1F1E00000000000000000000FFFF007E
:1028E0000000FFFFFFFF00070F0C0C0C0C0C0C0C82
:1028F0000F0E0F0F0C0C0C0C0CFCFC000000000069
:10290000000000000000000007070707030303039F
:1029100003030301000000000000000000000000AD
:1029200000000000000000000000000000000000A7
:1029300000FFFF000000FFFFFFFFC0C0C0C0C0C01D
:10294000C0C0C0C0C0C0C0C0C0C0C0C0C0C3C3C37E
:10295000C3C3C3C3C3C3C3C3C3C3C3C3C3C3C3C347
:10296000C3C3C3C3C3C3C3C3C3C3C3C3C3C3C3C337
:10297000C3C3C3C3C3C3C3C3C3C3C3C3C3C3C3C327
:10298000C3C3C3C3C3C3C3C0C0C0FFFF00000000B4
:102990004FBB610567ACDD3F182D4454FB21E93F77
:1029A0009BF681D20B73EF3F182D4454FB21F93F66
:1029B000E2652F227F2B7A3C075C143326A6813CEC
:1029C000BDCBF07A8807703C075C143326A6913C97
:1029D000C4EB98999999C9BF711623FEC671BCBF03
:1029E0006D9A74AFF2B0B3BF9AFDDE522DDEADBF6B
:1029F0002F6C6A2C44B4A2BF0D5555555555D53F83
:102A0000FF8300922449C23F6E204CC5CD45B73F9D
:102A1000513DD0A0660DB13FEB0D76244B7BA93F15
:102A200011DA22E33AAD903F000000000000F03FD1
:102A3000000000000000F83F00000000000000005F
:102A40000000004003B8E23F00000000000000006A
:102A500006D0CF43EBFD4C3E033333333333E33FF8
:102A6000FFAB6FDBB66DDB3F4D268F515555D53F24
:102A700001411DA96074D13F65DBC9934A86CD3FF2
:102A8000EF4E454A287ECA3F3E5555555555C53FE0
:102A900093BDBE166CC166BF2CDE25AF6A56113FD2
:102AA000F16BD2C541BDBBBED0A4BE726937663ED4
:102AB000000000000000000000004054FB21F93F2E
:102AC0003163621A61B4D03D0000601A61B4D03D38
:102AD0007370032E8A19A33B0000002E8A19A33BB2
:102AE000C14920259A837B390000000000000000C6
:102AF0006E83F9A22915444ED15727FCC0DD34F569
:102B0000999562DB4190433CAB6351FE61C5BBDEEE
:102B10003A6E24B7E0D24D42EA2E49061C92D10902
:102B20001CEB1DFE3EA729B1F53582E88444BB2E7F
:102B300026709CE9417E5FB439D69139F4395383CC
:102B40008B5F849C3B28F9BDFF97F81F0F9805DE2B
:102B50008B112FEF1F6D0A5ACF7E366DB709CB2729
:102B6000663F464F2DEA5F9EC7BA27757BF1E5EBBE
:102B7000F739073DEA92528AB15FFB6B085D8D1F02
:102B80007AFE10111111C13F37D60684F464963FC6
:102B9000280356C9226D6D3F0165F2F2D844433FC8
:102BA000A69237A0887E143F735360DBCB75F3BECB
:102BB000FE41B31BBAA1AB3F93846EE9E326823F8B
:102BC0001583E0FEC8DB573F68108D1AF726303FAB
:102BD000E9A7F0320FB8123FD47ABF74702AFB3ED7
:102BE0002B434F4E4E454354494E473C3C30303AC0
:102BF00030303A30303A30303A30303A30300D0AF6
:102C0000000000002B434F4E4E45435445440D0AEF
:102C1000000000002B5041495241424C450D0A0032
:102C20002B444953433A535543434553530D0A00EC
:102C30002B52454144590D0A000000004849440008
:102C4000602C01080000002068030000400A000812
:102C5000182D01086803002038730000D0B900085F
:102C600051847A030A78090102030406070809104F
:102C7000011F6AF4215301421A7F018113CD1E52B4
:102C80000812731CFFFF800131790901170B1CDC4E
:102C900005040140180AE02B0108042C0108200457
:102CA0001A30041A1404813D9A9919BEB8043CCC18
:102CB000CC3D1A7F01D10216012D01020304040547
:102CC00054060708091AAA01012223FA435A960456
:102CD000E1033C9F419264023F32320152190A33B0
:102CE0003892363C2C01080313257E1408D57D1438
:102CF000088D7B1408318014083F816A08200A1966
:102D0000FF20C11A7F014113B99E1B08DD04399DC4
:082D10009918410B10A5983839
:040000050800018965
:00000001FF
